ISO-10303-21;
HEADER;
/* Generated by software containing ST-Developer
 * from STEP Tools, Inc. (www.steptools.com) 
 */

FILE_DESCRIPTION(
/* description */ (''),
/* implementation_level */ '2;1');

FILE_NAME(
/* name */ 'TopCase.step',
/* time_stamp */ '2026-08-14T20:43:38+01:00',
/* author */ (''),
/* organization */ (''),
/* preprocessor_version */ 'ST-DEVELOPER v20.1',
/* originating_system */ 'Autodesk Translation Framework v15.8.0.0',
/* authorisation */ '');

FILE_SCHEMA (('AUTOMOTIVE_DESIGN { 1 0 10303 214 3 1 1 }'));
ENDSEC;

DATA;
#10=MECHANICAL_DESIGN_GEOMETRIC_PRESENTATION_REPRESENTATION('',(#13),#2382);
#11=SHAPE_REPRESENTATION_RELATIONSHIP('SRR','None',#2389,#12);
#12=ADVANCED_BREP_SHAPE_REPRESENTATION('',(#14),#2381);
#13=STYLED_ITEM('',(#2399),#14);
#14=MANIFOLD_SOLID_BREP('TopCase',#1406);
#15=FACE_BOUND('',#193,.T.);
#16=FACE_BOUND('',#196,.T.);
#17=FACE_BOUND('',#198,.T.);
#18=FACE_BOUND('',#199,.T.);
#19=FACE_BOUND('',#200,.T.);
#20=FACE_BOUND('',#201,.T.);
#21=FACE_BOUND('',#202,.T.);
#22=FACE_BOUND('',#203,.T.);
#23=FACE_BOUND('',#204,.T.);
#24=FACE_BOUND('',#205,.T.);
#25=FACE_BOUND('',#206,.T.);
#26=FACE_BOUND('',#207,.T.);
#27=FACE_BOUND('',#208,.T.);
#28=FACE_BOUND('',#209,.T.);
#29=FACE_BOUND('',#210,.T.);
#30=FACE_BOUND('',#211,.T.);
#31=FACE_BOUND('',#212,.T.);
#32=FACE_BOUND('',#213,.T.);
#33=FACE_BOUND('',#214,.T.);
#34=FACE_BOUND('',#215,.T.);
#35=FACE_BOUND('',#216,.T.);
#36=FACE_BOUND('',#217,.T.);
#37=FACE_BOUND('',#218,.T.);
#38=FACE_BOUND('',#219,.T.);
#39=FACE_BOUND('',#220,.T.);
#40=FACE_BOUND('',#221,.T.);
#41=FACE_BOUND('',#222,.T.);
#42=FACE_BOUND('',#223,.T.);
#43=FACE_BOUND('',#224,.T.);
#44=FACE_BOUND('',#225,.T.);
#45=FACE_BOUND('',#226,.T.);
#46=FACE_BOUND('',#227,.T.);
#47=FACE_BOUND('',#228,.T.);
#48=FACE_BOUND('',#229,.T.);
#49=FACE_BOUND('',#230,.T.);
#50=FACE_BOUND('',#231,.T.);
#51=FACE_BOUND('',#232,.T.);
#52=FACE_BOUND('',#233,.T.);
#53=FACE_BOUND('',#236,.T.);
#54=FACE_BOUND('',#244,.T.);
#55=FACE_BOUND('',#245,.T.);
#56=FACE_BOUND('',#246,.T.);
#57=FACE_BOUND('',#247,.T.);
#58=FACE_BOUND('',#248,.T.);
#59=FACE_BOUND('',#249,.T.);
#60=FACE_BOUND('',#250,.T.);
#61=FACE_BOUND('',#251,.T.);
#62=FACE_BOUND('',#252,.T.);
#63=FACE_BOUND('',#253,.T.);
#64=FACE_BOUND('',#254,.T.);
#65=FACE_BOUND('',#255,.T.);
#66=FACE_BOUND('',#256,.T.);
#67=FACE_BOUND('',#257,.T.);
#68=FACE_BOUND('',#258,.T.);
#69=FACE_BOUND('',#259,.T.);
#70=FACE_BOUND('',#260,.T.);
#71=FACE_BOUND('',#261,.T.);
#72=FACE_BOUND('',#262,.T.);
#73=FACE_BOUND('',#263,.T.);
#74=FACE_BOUND('',#264,.T.);
#75=FACE_BOUND('',#265,.T.);
#76=FACE_BOUND('',#266,.T.);
#77=FACE_BOUND('',#267,.T.);
#78=FACE_BOUND('',#268,.T.);
#79=FACE_BOUND('',#269,.T.);
#80=FACE_BOUND('',#270,.T.);
#81=FACE_BOUND('',#271,.T.);
#82=FACE_BOUND('',#272,.T.);
#83=FACE_BOUND('',#273,.T.);
#84=FACE_BOUND('',#274,.T.);
#85=FACE_BOUND('',#275,.T.);
#86=FACE_BOUND('',#276,.T.);
#87=FACE_BOUND('',#277,.T.);
#88=FACE_BOUND('',#278,.T.);
#89=FACE_BOUND('',#279,.T.);
#90=PLANE('',#1429);
#91=PLANE('',#1433);
#92=PLANE('',#1437);
#93=PLANE('',#1441);
#94=PLANE('',#1445);
#95=PLANE('',#1449);
#96=PLANE('',#1453);
#97=PLANE('',#1457);
#98=PLANE('',#1461);
#99=PLANE('',#1466);
#100=PLANE('',#1501);
#101=PLANE('',#1504);
#102=PLANE('',#1505);
#103=PLANE('',#1508);
#104=PLANE('',#1511);
#105=PLANE('',#1576);
#106=PLANE('',#1577);
#107=PLANE('',#1578);
#108=PLANE('',#1579);
#109=FACE_OUTER_BOUND('',#175,.T.);
#110=FACE_OUTER_BOUND('',#176,.T.);
#111=FACE_OUTER_BOUND('',#177,.T.);
#112=FACE_OUTER_BOUND('',#178,.T.);
#113=FACE_OUTER_BOUND('',#179,.T.);
#114=FACE_OUTER_BOUND('',#180,.T.);
#115=FACE_OUTER_BOUND('',#181,.T.);
#116=FACE_OUTER_BOUND('',#182,.T.);
#117=FACE_OUTER_BOUND('',#183,.T.);
#118=FACE_OUTER_BOUND('',#184,.T.);
#119=FACE_OUTER_BOUND('',#185,.T.);
#120=FACE_OUTER_BOUND('',#186,.T.);
#121=FACE_OUTER_BOUND('',#187,.T.);
#122=FACE_OUTER_BOUND('',#188,.T.);
#123=FACE_OUTER_BOUND('',#189,.T.);
#124=FACE_OUTER_BOUND('',#190,.T.);
#125=FACE_OUTER_BOUND('',#191,.T.);
#126=FACE_OUTER_BOUND('',#192,.T.);
#127=FACE_OUTER_BOUND('',#194,.T.);
#128=FACE_OUTER_BOUND('',#195,.T.);
#129=FACE_OUTER_BOUND('',#197,.T.);
#130=FACE_OUTER_BOUND('',#234,.T.);
#131=FACE_OUTER_BOUND('',#235,.T.);
#132=FACE_OUTER_BOUND('',#237,.T.);
#133=FACE_OUTER_BOUND('',#238,.T.);
#134=FACE_OUTER_BOUND('',#239,.T.);
#135=FACE_OUTER_BOUND('',#240,.T.);
#136=FACE_OUTER_BOUND('',#241,.T.);
#137=FACE_OUTER_BOUND('',#242,.T.);
#138=FACE_OUTER_BOUND('',#243,.T.);
#139=FACE_OUTER_BOUND('',#280,.T.);
#140=FACE_OUTER_BOUND('',#281,.T.);
#141=FACE_OUTER_BOUND('',#282,.T.);
#142=FACE_OUTER_BOUND('',#283,.T.);
#143=FACE_OUTER_BOUND('',#284,.T.);
#144=FACE_OUTER_BOUND('',#285,.T.);
#145=FACE_OUTER_BOUND('',#286,.T.);
#146=FACE_OUTER_BOUND('',#287,.T.);
#147=FACE_OUTER_BOUND('',#288,.T.);
#148=FACE_OUTER_BOUND('',#289,.T.);
#149=FACE_OUTER_BOUND('',#290,.T.);
#150=FACE_OUTER_BOUND('',#291,.T.);
#151=FACE_OUTER_BOUND('',#292,.T.);
#152=FACE_OUTER_BOUND('',#293,.T.);
#153=FACE_OUTER_BOUND('',#294,.T.);
#154=FACE_OUTER_BOUND('',#295,.T.);
#155=FACE_OUTER_BOUND('',#296,.T.);
#156=FACE_OUTER_BOUND('',#297,.T.);
#157=FACE_OUTER_BOUND('',#298,.T.);
#158=FACE_OUTER_BOUND('',#299,.T.);
#159=FACE_OUTER_BOUND('',#300,.T.);
#160=FACE_OUTER_BOUND('',#301,.T.);
#161=FACE_OUTER_BOUND('',#302,.T.);
#162=FACE_OUTER_BOUND('',#303,.T.);
#163=FACE_OUTER_BOUND('',#304,.T.);
#164=FACE_OUTER_BOUND('',#305,.T.);
#165=FACE_OUTER_BOUND('',#306,.T.);
#166=FACE_OUTER_BOUND('',#307,.T.);
#167=FACE_OUTER_BOUND('',#308,.T.);
#168=FACE_OUTER_BOUND('',#309,.T.);
#169=FACE_OUTER_BOUND('',#310,.T.);
#170=FACE_OUTER_BOUND('',#311,.T.);
#171=FACE_OUTER_BOUND('',#312,.T.);
#172=FACE_OUTER_BOUND('',#313,.T.);
#173=FACE_OUTER_BOUND('',#314,.T.);
#174=FACE_OUTER_BOUND('',#315,.T.);
#175=EDGE_LOOP('',(#915,#916,#917,#918));
#176=EDGE_LOOP('',(#919,#920,#921,#922));
#177=EDGE_LOOP('',(#923,#924,#925,#926));
#178=EDGE_LOOP('',(#927,#928,#929,#930));
#179=EDGE_LOOP('',(#931,#932,#933,#934));
#180=EDGE_LOOP('',(#935,#936,#937,#938));
#181=EDGE_LOOP('',(#939,#940,#941,#942));
#182=EDGE_LOOP('',(#943,#944,#945,#946));
#183=EDGE_LOOP('',(#947,#948,#949,#950));
#184=EDGE_LOOP('',(#951,#952,#953,#954));
#185=EDGE_LOOP('',(#955,#956,#957,#958));
#186=EDGE_LOOP('',(#959,#960,#961,#962));
#187=EDGE_LOOP('',(#963,#964,#965,#966));
#188=EDGE_LOOP('',(#967,#968,#969,#970));
#189=EDGE_LOOP('',(#971,#972,#973,#974));
#190=EDGE_LOOP('',(#975,#976,#977,#978));
#191=EDGE_LOOP('',(#979,#980,#981,#982));
#192=EDGE_LOOP('',(#983,#984,#985,#986));
#193=EDGE_LOOP('',(#987,#988,#989,#990,#991,#992,#993,#994));
#194=EDGE_LOOP('',(#995,#996,#997,#998));
#195=EDGE_LOOP('',(#999,#1000,#1001,#1002,#1003,#1004,#1005,#1006));
#196=EDGE_LOOP('',(#1007,#1008,#1009,#1010,#1011,#1012,#1013,#1014));
#197=EDGE_LOOP('',(#1015,#1016,#1017,#1018,#1019,#1020,#1021,#1022));
#198=EDGE_LOOP('',(#1023));
#199=EDGE_LOOP('',(#1024,#1025,#1026,#1027));
#200=EDGE_LOOP('',(#1028));
#201=EDGE_LOOP('',(#1029));
#202=EDGE_LOOP('',(#1030));
#203=EDGE_LOOP('',(#1031));
#204=EDGE_LOOP('',(#1032));
#205=EDGE_LOOP('',(#1033));
#206=EDGE_LOOP('',(#1034));
#207=EDGE_LOOP('',(#1035));
#208=EDGE_LOOP('',(#1036));
#209=EDGE_LOOP('',(#1037));
#210=EDGE_LOOP('',(#1038));
#211=EDGE_LOOP('',(#1039));
#212=EDGE_LOOP('',(#1040));
#213=EDGE_LOOP('',(#1041));
#214=EDGE_LOOP('',(#1042));
#215=EDGE_LOOP('',(#1043));
#216=EDGE_LOOP('',(#1044));
#217=EDGE_LOOP('',(#1045));
#218=EDGE_LOOP('',(#1046));
#219=EDGE_LOOP('',(#1047));
#220=EDGE_LOOP('',(#1048));
#221=EDGE_LOOP('',(#1049));
#222=EDGE_LOOP('',(#1050));
#223=EDGE_LOOP('',(#1051));
#224=EDGE_LOOP('',(#1052));
#225=EDGE_LOOP('',(#1053));
#226=EDGE_LOOP('',(#1054));
#227=EDGE_LOOP('',(#1055));
#228=EDGE_LOOP('',(#1056));
#229=EDGE_LOOP('',(#1057));
#230=EDGE_LOOP('',(#1058));
#231=EDGE_LOOP('',(#1059));
#232=EDGE_LOOP('',(#1060));
#233=EDGE_LOOP('',(#1061));
#234=EDGE_LOOP('',(#1062,#1063,#1064,#1065));
#235=EDGE_LOOP('',(#1066,#1067,#1068,#1069));
#236=EDGE_LOOP('',(#1070,#1071,#1072,#1073,#1074,#1075,#1076,#1077));
#237=EDGE_LOOP('',(#1078,#1079,#1080,#1081));
#238=EDGE_LOOP('',(#1082,#1083,#1084,#1085));
#239=EDGE_LOOP('',(#1086,#1087,#1088,#1089));
#240=EDGE_LOOP('',(#1090,#1091,#1092,#1093));
#241=EDGE_LOOP('',(#1094,#1095,#1096,#1097));
#242=EDGE_LOOP('',(#1098,#1099,#1100,#1101));
#243=EDGE_LOOP('',(#1102,#1103,#1104,#1105,#1106,#1107,#1108,#1109));
#244=EDGE_LOOP('',(#1110));
#245=EDGE_LOOP('',(#1111));
#246=EDGE_LOOP('',(#1112));
#247=EDGE_LOOP('',(#1113));
#248=EDGE_LOOP('',(#1114));
#249=EDGE_LOOP('',(#1115));
#250=EDGE_LOOP('',(#1116));
#251=EDGE_LOOP('',(#1117));
#252=EDGE_LOOP('',(#1118));
#253=EDGE_LOOP('',(#1119));
#254=EDGE_LOOP('',(#1120));
#255=EDGE_LOOP('',(#1121));
#256=EDGE_LOOP('',(#1122));
#257=EDGE_LOOP('',(#1123));
#258=EDGE_LOOP('',(#1124));
#259=EDGE_LOOP('',(#1125));
#260=EDGE_LOOP('',(#1126));
#261=EDGE_LOOP('',(#1127));
#262=EDGE_LOOP('',(#1128));
#263=EDGE_LOOP('',(#1129));
#264=EDGE_LOOP('',(#1130));
#265=EDGE_LOOP('',(#1131));
#266=EDGE_LOOP('',(#1132));
#267=EDGE_LOOP('',(#1133));
#268=EDGE_LOOP('',(#1134));
#269=EDGE_LOOP('',(#1135));
#270=EDGE_LOOP('',(#1136));
#271=EDGE_LOOP('',(#1137));
#272=EDGE_LOOP('',(#1138));
#273=EDGE_LOOP('',(#1139));
#274=EDGE_LOOP('',(#1140));
#275=EDGE_LOOP('',(#1141));
#276=EDGE_LOOP('',(#1142));
#277=EDGE_LOOP('',(#1143,#1144,#1145,#1146));
#278=EDGE_LOOP('',(#1147));
#279=EDGE_LOOP('',(#1148));
#280=EDGE_LOOP('',(#1149,#1150,#1151,#1152));
#281=EDGE_LOOP('',(#1153,#1154,#1155,#1156));
#282=EDGE_LOOP('',(#1157,#1158,#1159,#1160));
#283=EDGE_LOOP('',(#1161,#1162,#1163,#1164));
#284=EDGE_LOOP('',(#1165,#1166,#1167,#1168));
#285=EDGE_LOOP('',(#1169,#1170,#1171,#1172));
#286=EDGE_LOOP('',(#1173,#1174,#1175,#1176));
#287=EDGE_LOOP('',(#1177,#1178,#1179,#1180));
#288=EDGE_LOOP('',(#1181,#1182,#1183,#1184));
#289=EDGE_LOOP('',(#1185,#1186,#1187,#1188));
#290=EDGE_LOOP('',(#1189,#1190,#1191,#1192));
#291=EDGE_LOOP('',(#1193,#1194,#1195,#1196));
#292=EDGE_LOOP('',(#1197,#1198,#1199,#1200));
#293=EDGE_LOOP('',(#1201,#1202,#1203,#1204));
#294=EDGE_LOOP('',(#1205,#1206,#1207,#1208));
#295=EDGE_LOOP('',(#1209,#1210,#1211,#1212));
#296=EDGE_LOOP('',(#1213,#1214,#1215,#1216));
#297=EDGE_LOOP('',(#1217,#1218,#1219,#1220));
#298=EDGE_LOOP('',(#1221,#1222,#1223,#1224));
#299=EDGE_LOOP('',(#1225,#1226,#1227,#1228));
#300=EDGE_LOOP('',(#1229,#1230,#1231,#1232));
#301=EDGE_LOOP('',(#1233,#1234,#1235,#1236));
#302=EDGE_LOOP('',(#1237,#1238,#1239,#1240));
#303=EDGE_LOOP('',(#1241,#1242,#1243,#1244));
#304=EDGE_LOOP('',(#1245,#1246,#1247,#1248));
#305=EDGE_LOOP('',(#1249,#1250,#1251,#1252));
#306=EDGE_LOOP('',(#1253,#1254,#1255,#1256));
#307=EDGE_LOOP('',(#1257,#1258,#1259,#1260));
#308=EDGE_LOOP('',(#1261,#1262,#1263,#1264));
#309=EDGE_LOOP('',(#1265,#1266,#1267,#1268));
#310=EDGE_LOOP('',(#1269,#1270,#1271,#1272));
#311=EDGE_LOOP('',(#1273,#1274,#1275,#1276));
#312=EDGE_LOOP('',(#1277,#1278,#1279,#1280));
#313=EDGE_LOOP('',(#1281,#1282,#1283,#1284));
#314=EDGE_LOOP('',(#1285,#1286,#1287,#1288));
#315=EDGE_LOOP('',(#1289,#1290,#1291,#1292));
#316=LINE('',#2002,#411);
#317=LINE('',#2008,#412);
#318=LINE('',#2014,#413);
#319=LINE('',#2019,#414);
#320=LINE('',#2021,#415);
#321=LINE('',#2023,#416);
#322=LINE('',#2024,#417);
#323=LINE('',#2030,#418);
#324=LINE('',#2033,#419);
#325=LINE('',#2035,#420);
#326=LINE('',#2036,#421);
#327=LINE('',#2042,#422);
#328=LINE('',#2045,#423);
#329=LINE('',#2047,#424);
#330=LINE('',#2048,#425);
#331=LINE('',#2053,#426);
#332=LINE('',#2057,#427);
#333=LINE('',#2059,#428);
#334=LINE('',#2060,#429);
#335=LINE('',#2067,#430);
#336=LINE('',#2069,#431);
#337=LINE('',#2071,#432);
#338=LINE('',#2072,#433);
#339=LINE('',#2078,#434);
#340=LINE('',#2081,#435);
#341=LINE('',#2083,#436);
#342=LINE('',#2084,#437);
#343=LINE('',#2090,#438);
#344=LINE('',#2093,#439);
#345=LINE('',#2095,#440);
#346=LINE('',#2096,#441);
#347=LINE('',#2102,#442);
#348=LINE('',#2105,#443);
#349=LINE('',#2107,#444);
#350=LINE('',#2108,#445);
#351=LINE('',#2117,#446);
#352=LINE('',#2121,#447);
#353=LINE('',#2125,#448);
#354=LINE('',#2128,#449);
#355=LINE('',#2132,#450);
#356=LINE('',#2134,#451);
#357=LINE('',#2136,#452);
#358=LINE('',#2137,#453);
#359=LINE('',#2206,#454);
#360=LINE('',#2207,#455);
#361=LINE('',#2210,#456);
#362=LINE('',#2211,#457);
#363=LINE('',#2216,#458);
#364=LINE('',#2217,#459);
#365=LINE('',#2220,#460);
#366=LINE('',#2221,#461);
#367=LINE('',#2223,#462);
#368=LINE('',#2227,#463);
#369=LINE('',#2230,#464);
#370=LINE('',#2231,#465);
#371=LINE('',#2301,#466);
#372=LINE('',#2303,#467);
#373=LINE('',#2305,#468);
#374=LINE('',#2306,#469);
#375=LINE('',#2308,#470);
#376=LINE('',#2310,#471);
#377=LINE('',#2312,#472);
#378=LINE('',#2314,#473);
#379=LINE('',#2316,#474);
#380=LINE('',#2318,#475);
#381=LINE('',#2320,#476);
#382=LINE('',#2322,#477);
#383=LINE('',#2324,#478);
#384=LINE('',#2326,#479);
#385=LINE('',#2328,#480);
#386=LINE('',#2330,#481);
#387=LINE('',#2332,#482);
#388=LINE('',#2334,#483);
#389=LINE('',#2336,#484);
#390=LINE('',#2338,#485);
#391=LINE('',#2340,#486);
#392=LINE('',#2342,#487);
#393=LINE('',#2344,#488);
#394=LINE('',#2346,#489);
#395=LINE('',#2348,#490);
#396=LINE('',#2350,#491);
#397=LINE('',#2352,#492);
#398=LINE('',#2354,#493);
#399=LINE('',#2356,#494);
#400=LINE('',#2358,#495);
#401=LINE('',#2360,#496);
#402=LINE('',#2362,#497);
#403=LINE('',#2364,#498);
#404=LINE('',#2366,#499);
#405=LINE('',#2368,#500);
#406=LINE('',#2370,#501);
#407=LINE('',#2372,#502);
#408=LINE('',#2373,#503);
#409=LINE('',#2375,#504);
#410=LINE('',#2377,#505);
#411=VECTOR('',#1586,1.09999999999999);
#412=VECTOR('',#1593,1.10000000000001);
#413=VECTOR('',#1600,1.09999999999999);
#414=VECTOR('',#1605,10.);
#415=VECTOR('',#1606,10.);
#416=VECTOR('',#1607,10.);
#417=VECTOR('',#1608,10.);
#418=VECTOR('',#1615,10.);
#419=VECTOR('',#1618,10.);
#420=VECTOR('',#1619,10.);
#421=VECTOR('',#1620,10.);
#422=VECTOR('',#1627,10.);
#423=VECTOR('',#1630,10.);
#424=VECTOR('',#1631,10.);
#425=VECTOR('',#1632,10.);
#426=VECTOR('',#1637,10.);
#427=VECTOR('',#1642,10.);
#428=VECTOR('',#1643,10.);
#429=VECTOR('',#1644,10.);
#430=VECTOR('',#1653,10.);
#431=VECTOR('',#1654,10.);
#432=VECTOR('',#1655,10.);
#433=VECTOR('',#1656,10.);
#434=VECTOR('',#1663,10.);
#435=VECTOR('',#1666,10.);
#436=VECTOR('',#1667,10.);
#437=VECTOR('',#1668,10.);
#438=VECTOR('',#1675,10.);
#439=VECTOR('',#1678,10.);
#440=VECTOR('',#1679,10.);
#441=VECTOR('',#1680,10.);
#442=VECTOR('',#1687,10.);
#443=VECTOR('',#1690,10.);
#444=VECTOR('',#1691,10.);
#445=VECTOR('',#1692,10.);
#446=VECTOR('',#1703,10.);
#447=VECTOR('',#1706,10.);
#448=VECTOR('',#1709,10.);
#449=VECTOR('',#1712,10.);
#450=VECTOR('',#1715,10.);
#451=VECTOR('',#1716,10.);
#452=VECTOR('',#1717,10.);
#453=VECTOR('',#1718,10.);
#454=VECTOR('',#1787,10.);
#455=VECTOR('',#1788,10.);
#456=VECTOR('',#1791,10.);
#457=VECTOR('',#1792,10.);
#458=VECTOR('',#1797,10.);
#459=VECTOR('',#1798,10.);
#460=VECTOR('',#1801,10.);
#461=VECTOR('',#1802,10.);
#462=VECTOR('',#1805,10.);
#463=VECTOR('',#1810,10.);
#464=VECTOR('',#1813,10.);
#465=VECTOR('',#1814,10.);
#466=VECTOR('',#1885,10.);
#467=VECTOR('',#1886,10.);
#468=VECTOR('',#1887,10.);
#469=VECTOR('',#1888,10.);
#470=VECTOR('',#1891,0.999999999999996);
#471=VECTOR('',#1894,0.999999999999996);
#472=VECTOR('',#1897,0.999999999999996);
#473=VECTOR('',#1900,0.999999999999996);
#474=VECTOR('',#1903,0.999999999999996);
#475=VECTOR('',#1906,0.999999999999996);
#476=VECTOR('',#1909,0.999999999999996);
#477=VECTOR('',#1912,0.999999999999996);
#478=VECTOR('',#1915,0.999999999999996);
#479=VECTOR('',#1918,0.999999999999996);
#480=VECTOR('',#1921,0.999999999999996);
#481=VECTOR('',#1924,0.999999999999996);
#482=VECTOR('',#1927,0.999999999999996);
#483=VECTOR('',#1930,0.999999999999996);
#484=VECTOR('',#1933,0.999999999999996);
#485=VECTOR('',#1936,0.999999999999996);
#486=VECTOR('',#1939,0.999999999999996);
#487=VECTOR('',#1942,1.00000000000001);
#488=VECTOR('',#1945,0.999999999999996);
#489=VECTOR('',#1948,0.999999999999996);
#490=VECTOR('',#1951,0.999999999999996);
#491=VECTOR('',#1954,0.999999999999996);
#492=VECTOR('',#1957,0.999999999999996);
#493=VECTOR('',#1960,0.999999999999996);
#494=VECTOR('',#1963,0.999999999999996);
#495=VECTOR('',#1966,0.999999999999996);
#496=VECTOR('',#1969,0.999999999999996);
#497=VECTOR('',#1972,0.999999999999996);
#498=VECTOR('',#1975,0.999999999999996);
#499=VECTOR('',#1978,0.999999999999996);
#500=VECTOR('',#1981,4.00000005960464);
#501=VECTOR('',#1984,4.00000005960464);
#502=VECTOR('',#1987,10.);
#503=VECTOR('',#1988,10.);
#504=VECTOR('',#1991,10.);
#505=VECTOR('',#1994,10.);
#506=CIRCLE('',#1421,1.09999999999999);
#507=CIRCLE('',#1422,1.09999999999999);
#508=CIRCLE('',#1424,1.10000000000001);
#509=CIRCLE('',#1425,1.10000000000001);
#510=CIRCLE('',#1427,1.09999999999999);
#511=CIRCLE('',#1428,1.09999999999999);
#512=CIRCLE('',#1431,1.45);
#513=CIRCLE('',#1432,1.45);
#514=CIRCLE('',#1435,1.45);
#515=CIRCLE('',#1436,1.45);
#516=CIRCLE('',#1439,1.45);
#517=CIRCLE('',#1440,1.45);
#518=CIRCLE('',#1443,1.45);
#519=CIRCLE('',#1444,1.45);
#520=CIRCLE('',#1447,2.00000000000003);
#521=CIRCLE('',#1448,2.00000000000003);
#522=CIRCLE('',#1451,2.00000000000001);
#523=CIRCLE('',#1452,2.00000000000001);
#524=CIRCLE('',#1455,1.99999999999999);
#525=CIRCLE('',#1456,1.99999999999999);
#526=CIRCLE('',#1459,2.00000000000002);
#527=CIRCLE('',#1460,2.00000000000002);
#528=CIRCLE('',#1462,3.99999999999999);
#529=CIRCLE('',#1463,4.00000000000002);
#530=CIRCLE('',#1464,4.00000000000002);
#531=CIRCLE('',#1465,4.);
#532=CIRCLE('',#1467,4.00000005960464);
#533=CIRCLE('',#1468,4.00000005960464);
#534=CIRCLE('',#1469,0.999999999999996);
#535=CIRCLE('',#1470,0.999999999999996);
#536=CIRCLE('',#1471,0.999999999999996);
#537=CIRCLE('',#1472,0.999999999999996);
#538=CIRCLE('',#1473,0.999999999999996);
#539=CIRCLE('',#1474,0.999999999999996);
#540=CIRCLE('',#1475,0.999999999999996);
#541=CIRCLE('',#1476,0.999999999999996);
#542=CIRCLE('',#1477,0.999999999999996);
#543=CIRCLE('',#1478,0.999999999999996);
#544=CIRCLE('',#1479,0.999999999999996);
#545=CIRCLE('',#1480,0.999999999999996);
#546=CIRCLE('',#1481,1.00000000000001);
#547=CIRCLE('',#1482,0.999999999999996);
#548=CIRCLE('',#1483,0.999999999999996);
#549=CIRCLE('',#1484,0.999999999999996);
#550=CIRCLE('',#1485,0.999999999999996);
#551=CIRCLE('',#1486,0.999999999999996);
#552=CIRCLE('',#1487,0.999999999999996);
#553=CIRCLE('',#1488,0.999999999999996);
#554=CIRCLE('',#1489,0.999999999999996);
#555=CIRCLE('',#1490,0.999999999999996);
#556=CIRCLE('',#1491,0.999999999999996);
#557=CIRCLE('',#1492,0.999999999999996);
#558=CIRCLE('',#1493,0.999999999999996);
#559=CIRCLE('',#1494,0.999999999999996);
#560=CIRCLE('',#1495,0.999999999999996);
#561=CIRCLE('',#1496,0.999999999999996);
#562=CIRCLE('',#1497,0.999999999999996);
#563=CIRCLE('',#1498,0.999999999999996);
#564=CIRCLE('',#1500,4.);
#565=CIRCLE('',#1503,4.);
#566=CIRCLE('',#1507,4.);
#567=CIRCLE('',#1510,4.);
#568=CIRCLE('',#1512,0.999999999999996);
#569=CIRCLE('',#1513,0.999999999999996);
#570=CIRCLE('',#1514,0.999999999999996);
#571=CIRCLE('',#1515,0.999999999999996);
#572=CIRCLE('',#1516,0.999999999999996);
#573=CIRCLE('',#1517,0.999999999999996);
#574=CIRCLE('',#1518,0.999999999999996);
#575=CIRCLE('',#1519,0.999999999999996);
#576=CIRCLE('',#1520,0.999999999999996);
#577=CIRCLE('',#1521,0.999999999999996);
#578=CIRCLE('',#1522,0.999999999999996);
#579=CIRCLE('',#1523,0.999999999999996);
#580=CIRCLE('',#1524,0.999999999999996);
#581=CIRCLE('',#1525,0.999999999999996);
#582=CIRCLE('',#1526,0.999999999999996);
#583=CIRCLE('',#1527,0.999999999999996);
#584=CIRCLE('',#1528,0.999999999999996);
#585=CIRCLE('',#1529,1.00000000000001);
#586=CIRCLE('',#1530,0.999999999999996);
#587=CIRCLE('',#1531,0.999999999999996);
#588=CIRCLE('',#1532,0.999999999999996);
#589=CIRCLE('',#1533,0.999999999999996);
#590=CIRCLE('',#1534,0.999999999999996);
#591=CIRCLE('',#1535,0.999999999999996);
#592=CIRCLE('',#1536,0.999999999999996);
#593=CIRCLE('',#1537,0.999999999999996);
#594=CIRCLE('',#1538,0.999999999999996);
#595=CIRCLE('',#1539,0.999999999999996);
#596=CIRCLE('',#1540,0.999999999999996);
#597=CIRCLE('',#1541,0.999999999999996);
#598=CIRCLE('',#1542,4.00000005960464);
#599=CIRCLE('',#1543,4.00000005960464);
#600=VERTEX_POINT('',#1999);
#601=VERTEX_POINT('',#2001);
#602=VERTEX_POINT('',#2005);
#603=VERTEX_POINT('',#2007);
#604=VERTEX_POINT('',#2011);
#605=VERTEX_POINT('',#2013);
#606=VERTEX_POINT('',#2017);
#607=VERTEX_POINT('',#2018);
#608=VERTEX_POINT('',#2020);
#609=VERTEX_POINT('',#2022);
#610=VERTEX_POINT('',#2026);
#611=VERTEX_POINT('',#2028);
#612=VERTEX_POINT('',#2032);
#613=VERTEX_POINT('',#2034);
#614=VERTEX_POINT('',#2038);
#615=VERTEX_POINT('',#2040);
#616=VERTEX_POINT('',#2044);
#617=VERTEX_POINT('',#2046);
#618=VERTEX_POINT('',#2050);
#619=VERTEX_POINT('',#2052);
#620=VERTEX_POINT('',#2056);
#621=VERTEX_POINT('',#2058);
#622=VERTEX_POINT('',#2065);
#623=VERTEX_POINT('',#2066);
#624=VERTEX_POINT('',#2068);
#625=VERTEX_POINT('',#2070);
#626=VERTEX_POINT('',#2074);
#627=VERTEX_POINT('',#2076);
#628=VERTEX_POINT('',#2080);
#629=VERTEX_POINT('',#2082);
#630=VERTEX_POINT('',#2086);
#631=VERTEX_POINT('',#2088);
#632=VERTEX_POINT('',#2092);
#633=VERTEX_POINT('',#2094);
#634=VERTEX_POINT('',#2098);
#635=VERTEX_POINT('',#2100);
#636=VERTEX_POINT('',#2104);
#637=VERTEX_POINT('',#2106);
#638=VERTEX_POINT('',#2113);
#639=VERTEX_POINT('',#2114);
#640=VERTEX_POINT('',#2116);
#641=VERTEX_POINT('',#2118);
#642=VERTEX_POINT('',#2120);
#643=VERTEX_POINT('',#2122);
#644=VERTEX_POINT('',#2124);
#645=VERTEX_POINT('',#2126);
#646=VERTEX_POINT('',#2130);
#647=VERTEX_POINT('',#2131);
#648=VERTEX_POINT('',#2133);
#649=VERTEX_POINT('',#2135);
#650=VERTEX_POINT('',#2138);
#651=VERTEX_POINT('',#2140);
#652=VERTEX_POINT('',#2142);
#653=VERTEX_POINT('',#2144);
#654=VERTEX_POINT('',#2146);
#655=VERTEX_POINT('',#2148);
#656=VERTEX_POINT('',#2150);
#657=VERTEX_POINT('',#2152);
#658=VERTEX_POINT('',#2154);
#659=VERTEX_POINT('',#2156);
#660=VERTEX_POINT('',#2158);
#661=VERTEX_POINT('',#2160);
#662=VERTEX_POINT('',#2162);
#663=VERTEX_POINT('',#2164);
#664=VERTEX_POINT('',#2166);
#665=VERTEX_POINT('',#2168);
#666=VERTEX_POINT('',#2170);
#667=VERTEX_POINT('',#2172);
#668=VERTEX_POINT('',#2174);
#669=VERTEX_POINT('',#2176);
#670=VERTEX_POINT('',#2178);
#671=VERTEX_POINT('',#2180);
#672=VERTEX_POINT('',#2182);
#673=VERTEX_POINT('',#2184);
#674=VERTEX_POINT('',#2186);
#675=VERTEX_POINT('',#2188);
#676=VERTEX_POINT('',#2190);
#677=VERTEX_POINT('',#2192);
#678=VERTEX_POINT('',#2194);
#679=VERTEX_POINT('',#2196);
#680=VERTEX_POINT('',#2198);
#681=VERTEX_POINT('',#2200);
#682=VERTEX_POINT('',#2203);
#683=VERTEX_POINT('',#2204);
#684=VERTEX_POINT('',#2209);
#685=VERTEX_POINT('',#2213);
#686=VERTEX_POINT('',#2214);
#687=VERTEX_POINT('',#2219);
#688=VERTEX_POINT('',#2225);
#689=VERTEX_POINT('',#2229);
#690=VERTEX_POINT('',#2235);
#691=VERTEX_POINT('',#2237);
#692=VERTEX_POINT('',#2239);
#693=VERTEX_POINT('',#2241);
#694=VERTEX_POINT('',#2243);
#695=VERTEX_POINT('',#2245);
#696=VERTEX_POINT('',#2247);
#697=VERTEX_POINT('',#2249);
#698=VERTEX_POINT('',#2251);
#699=VERTEX_POINT('',#2253);
#700=VERTEX_POINT('',#2255);
#701=VERTEX_POINT('',#2257);
#702=VERTEX_POINT('',#2259);
#703=VERTEX_POINT('',#2261);
#704=VERTEX_POINT('',#2263);
#705=VERTEX_POINT('',#2265);
#706=VERTEX_POINT('',#2267);
#707=VERTEX_POINT('',#2269);
#708=VERTEX_POINT('',#2271);
#709=VERTEX_POINT('',#2273);
#710=VERTEX_POINT('',#2275);
#711=VERTEX_POINT('',#2277);
#712=VERTEX_POINT('',#2279);
#713=VERTEX_POINT('',#2281);
#714=VERTEX_POINT('',#2283);
#715=VERTEX_POINT('',#2285);
#716=VERTEX_POINT('',#2287);
#717=VERTEX_POINT('',#2289);
#718=VERTEX_POINT('',#2291);
#719=VERTEX_POINT('',#2293);
#720=VERTEX_POINT('',#2295);
#721=VERTEX_POINT('',#2297);
#722=VERTEX_POINT('',#2299);
#723=VERTEX_POINT('',#2300);
#724=VERTEX_POINT('',#2302);
#725=VERTEX_POINT('',#2304);
#726=EDGE_CURVE('',#600,#600,#506,.T.);
#727=EDGE_CURVE('',#600,#601,#316,.T.);
#728=EDGE_CURVE('',#601,#601,#507,.T.);
#729=EDGE_CURVE('',#602,#602,#508,.T.);
#730=EDGE_CURVE('',#602,#603,#317,.T.);
#731=EDGE_CURVE('',#603,#603,#509,.T.);
#732=EDGE_CURVE('',#604,#604,#510,.T.);
#733=EDGE_CURVE('',#604,#605,#318,.T.);
#734=EDGE_CURVE('',#605,#605,#511,.T.);
#735=EDGE_CURVE('',#606,#607,#319,.T.);
#736=EDGE_CURVE('',#606,#608,#320,.T.);
#737=EDGE_CURVE('',#609,#608,#321,.T.);
#738=EDGE_CURVE('',#607,#609,#322,.T.);
#739=EDGE_CURVE('',#607,#610,#512,.T.);
#740=EDGE_CURVE('',#611,#609,#513,.T.);
#741=EDGE_CURVE('',#610,#611,#323,.T.);
#742=EDGE_CURVE('',#610,#612,#324,.T.);
#743=EDGE_CURVE('',#613,#611,#325,.T.);
#744=EDGE_CURVE('',#612,#613,#326,.T.);
#745=EDGE_CURVE('',#612,#614,#514,.T.);
#746=EDGE_CURVE('',#615,#613,#515,.T.);
#747=EDGE_CURVE('',#614,#615,#327,.T.);
#748=EDGE_CURVE('',#614,#616,#328,.T.);
#749=EDGE_CURVE('',#617,#615,#329,.T.);
#750=EDGE_CURVE('',#616,#617,#330,.T.);
#751=EDGE_CURVE('',#618,#606,#516,.T.);
#752=EDGE_CURVE('',#618,#619,#331,.T.);
#753=EDGE_CURVE('',#608,#619,#517,.T.);
#754=EDGE_CURVE('',#620,#618,#332,.T.);
#755=EDGE_CURVE('',#620,#621,#333,.T.);
#756=EDGE_CURVE('',#619,#621,#334,.T.);
#757=EDGE_CURVE('',#616,#620,#518,.T.);
#758=EDGE_CURVE('',#621,#617,#519,.T.);
#759=EDGE_CURVE('',#622,#623,#335,.T.);
#760=EDGE_CURVE('',#622,#624,#336,.T.);
#761=EDGE_CURVE('',#625,#624,#337,.T.);
#762=EDGE_CURVE('',#623,#625,#338,.T.);
#763=EDGE_CURVE('',#623,#626,#520,.T.);
#764=EDGE_CURVE('',#627,#625,#521,.T.);
#765=EDGE_CURVE('',#626,#627,#339,.T.);
#766=EDGE_CURVE('',#626,#628,#340,.T.);
#767=EDGE_CURVE('',#629,#627,#341,.T.);
#768=EDGE_CURVE('',#628,#629,#342,.T.);
#769=EDGE_CURVE('',#628,#630,#522,.T.);
#770=EDGE_CURVE('',#631,#629,#523,.T.);
#771=EDGE_CURVE('',#630,#631,#343,.T.);
#772=EDGE_CURVE('',#630,#632,#344,.T.);
#773=EDGE_CURVE('',#633,#631,#345,.T.);
#774=EDGE_CURVE('',#632,#633,#346,.T.);
#775=EDGE_CURVE('',#632,#634,#524,.T.);
#776=EDGE_CURVE('',#635,#633,#525,.T.);
#777=EDGE_CURVE('',#634,#635,#347,.T.);
#778=EDGE_CURVE('',#634,#636,#348,.T.);
#779=EDGE_CURVE('',#637,#635,#349,.T.);
#780=EDGE_CURVE('',#636,#637,#350,.T.);
#781=EDGE_CURVE('',#636,#622,#526,.T.);
#782=EDGE_CURVE('',#624,#637,#527,.T.);
#783=EDGE_CURVE('',#638,#639,#528,.T.);
#784=EDGE_CURVE('',#639,#640,#351,.T.);
#785=EDGE_CURVE('',#640,#641,#529,.T.);
#786=EDGE_CURVE('',#641,#642,#352,.T.);
#787=EDGE_CURVE('',#642,#643,#530,.T.);
#788=EDGE_CURVE('',#643,#644,#353,.T.);
#789=EDGE_CURVE('',#644,#645,#531,.T.);
#790=EDGE_CURVE('',#645,#638,#354,.T.);
#791=EDGE_CURVE('',#646,#647,#355,.T.);
#792=EDGE_CURVE('',#647,#648,#356,.T.);
#793=EDGE_CURVE('',#648,#649,#357,.T.);
#794=EDGE_CURVE('',#649,#646,#358,.T.);
#795=EDGE_CURVE('',#650,#650,#532,.T.);
#796=EDGE_CURVE('',#651,#651,#533,.T.);
#797=EDGE_CURVE('',#652,#652,#534,.T.);
#798=EDGE_CURVE('',#653,#653,#535,.T.);
#799=EDGE_CURVE('',#654,#654,#536,.T.);
#800=EDGE_CURVE('',#655,#655,#537,.T.);
#801=EDGE_CURVE('',#656,#656,#538,.T.);
#802=EDGE_CURVE('',#657,#657,#539,.T.);
#803=EDGE_CURVE('',#658,#658,#540,.T.);
#804=EDGE_CURVE('',#659,#659,#541,.T.);
#805=EDGE_CURVE('',#660,#660,#542,.T.);
#806=EDGE_CURVE('',#661,#661,#543,.T.);
#807=EDGE_CURVE('',#662,#662,#544,.T.);
#808=EDGE_CURVE('',#663,#663,#545,.T.);
#809=EDGE_CURVE('',#664,#664,#546,.T.);
#810=EDGE_CURVE('',#665,#665,#547,.T.);
#811=EDGE_CURVE('',#666,#666,#548,.T.);
#812=EDGE_CURVE('',#667,#667,#549,.T.);
#813=EDGE_CURVE('',#668,#668,#550,.T.);
#814=EDGE_CURVE('',#669,#669,#551,.T.);
#815=EDGE_CURVE('',#670,#670,#552,.T.);
#816=EDGE_CURVE('',#671,#671,#553,.T.);
#817=EDGE_CURVE('',#672,#672,#554,.T.);
#818=EDGE_CURVE('',#673,#673,#555,.T.);
#819=EDGE_CURVE('',#674,#674,#556,.T.);
#820=EDGE_CURVE('',#675,#675,#557,.T.);
#821=EDGE_CURVE('',#676,#676,#558,.T.);
#822=EDGE_CURVE('',#677,#677,#559,.T.);
#823=EDGE_CURVE('',#678,#678,#560,.T.);
#824=EDGE_CURVE('',#679,#679,#561,.T.);
#825=EDGE_CURVE('',#680,#680,#562,.T.);
#826=EDGE_CURVE('',#681,#681,#563,.T.);
#827=EDGE_CURVE('',#682,#683,#564,.T.);
#828=EDGE_CURVE('',#683,#641,#359,.T.);
#829=EDGE_CURVE('',#640,#682,#360,.T.);
#830=EDGE_CURVE('',#684,#639,#361,.T.);
#831=EDGE_CURVE('',#682,#684,#362,.T.);
#832=EDGE_CURVE('',#685,#686,#565,.T.);
#833=EDGE_CURVE('',#686,#643,#363,.T.);
#834=EDGE_CURVE('',#642,#685,#364,.T.);
#835=EDGE_CURVE('',#687,#686,#365,.T.);
#836=EDGE_CURVE('',#644,#687,#366,.T.);
#837=EDGE_CURVE('',#685,#683,#367,.T.);
#838=EDGE_CURVE('',#687,#688,#566,.T.);
#839=EDGE_CURVE('',#688,#645,#368,.T.);
#840=EDGE_CURVE('',#689,#688,#369,.T.);
#841=EDGE_CURVE('',#638,#689,#370,.T.);
#842=EDGE_CURVE('',#689,#684,#567,.T.);
#843=EDGE_CURVE('',#690,#690,#568,.T.);
#844=EDGE_CURVE('',#691,#691,#569,.T.);
#845=EDGE_CURVE('',#692,#692,#570,.T.);
#846=EDGE_CURVE('',#693,#693,#571,.T.);
#847=EDGE_CURVE('',#694,#694,#572,.T.);
#848=EDGE_CURVE('',#695,#695,#573,.T.);
#849=EDGE_CURVE('',#696,#696,#574,.T.);
#850=EDGE_CURVE('',#697,#697,#575,.T.);
#851=EDGE_CURVE('',#698,#698,#576,.T.);
#852=EDGE_CURVE('',#699,#699,#577,.T.);
#853=EDGE_CURVE('',#700,#700,#578,.T.);
#854=EDGE_CURVE('',#701,#701,#579,.T.);
#855=EDGE_CURVE('',#702,#702,#580,.T.);
#856=EDGE_CURVE('',#703,#703,#581,.T.);
#857=EDGE_CURVE('',#704,#704,#582,.T.);
#858=EDGE_CURVE('',#705,#705,#583,.T.);
#859=EDGE_CURVE('',#706,#706,#584,.T.);
#860=EDGE_CURVE('',#707,#707,#585,.T.);
#861=EDGE_CURVE('',#708,#708,#586,.T.);
#862=EDGE_CURVE('',#709,#709,#587,.T.);
#863=EDGE_CURVE('',#710,#710,#588,.T.);
#864=EDGE_CURVE('',#711,#711,#589,.T.);
#865=EDGE_CURVE('',#712,#712,#590,.T.);
#866=EDGE_CURVE('',#713,#713,#591,.T.);
#867=EDGE_CURVE('',#714,#714,#592,.T.);
#868=EDGE_CURVE('',#715,#715,#593,.T.);
#869=EDGE_CURVE('',#716,#716,#594,.T.);
#870=EDGE_CURVE('',#717,#717,#595,.T.);
#871=EDGE_CURVE('',#718,#718,#596,.T.);
#872=EDGE_CURVE('',#719,#719,#597,.T.);
#873=EDGE_CURVE('',#720,#720,#598,.T.);
#874=EDGE_CURVE('',#721,#721,#599,.T.);
#875=EDGE_CURVE('',#722,#723,#371,.T.);
#876=EDGE_CURVE('',#723,#724,#372,.T.);
#877=EDGE_CURVE('',#724,#725,#373,.T.);
#878=EDGE_CURVE('',#725,#722,#374,.T.);
#879=EDGE_CURVE('',#690,#681,#375,.T.);
#880=EDGE_CURVE('',#691,#680,#376,.T.);
#881=EDGE_CURVE('',#692,#679,#377,.T.);
#882=EDGE_CURVE('',#693,#678,#378,.T.);
#883=EDGE_CURVE('',#694,#677,#379,.T.);
#884=EDGE_CURVE('',#695,#676,#380,.T.);
#885=EDGE_CURVE('',#696,#675,#381,.T.);
#886=EDGE_CURVE('',#697,#674,#382,.T.);
#887=EDGE_CURVE('',#698,#673,#383,.T.);
#888=EDGE_CURVE('',#699,#672,#384,.T.);
#889=EDGE_CURVE('',#700,#671,#385,.T.);
#890=EDGE_CURVE('',#701,#670,#386,.T.);
#891=EDGE_CURVE('',#702,#669,#387,.T.);
#892=EDGE_CURVE('',#703,#668,#388,.T.);
#893=EDGE_CURVE('',#704,#667,#389,.T.);
#894=EDGE_CURVE('',#705,#666,#390,.T.);
#895=EDGE_CURVE('',#706,#665,#391,.T.);
#896=EDGE_CURVE('',#707,#664,#392,.T.);
#897=EDGE_CURVE('',#708,#663,#393,.T.);
#898=EDGE_CURVE('',#709,#662,#394,.T.);
#899=EDGE_CURVE('',#710,#661,#395,.T.);
#900=EDGE_CURVE('',#711,#660,#396,.T.);
#901=EDGE_CURVE('',#712,#659,#397,.T.);
#902=EDGE_CURVE('',#713,#658,#398,.T.);
#903=EDGE_CURVE('',#714,#657,#399,.T.);
#904=EDGE_CURVE('',#715,#656,#400,.T.);
#905=EDGE_CURVE('',#716,#655,#401,.T.);
#906=EDGE_CURVE('',#717,#654,#402,.T.);
#907=EDGE_CURVE('',#718,#653,#403,.T.);
#908=EDGE_CURVE('',#719,#652,#404,.T.);
#909=EDGE_CURVE('',#720,#651,#405,.T.);
#910=EDGE_CURVE('',#721,#650,#406,.T.);
#911=EDGE_CURVE('',#722,#647,#407,.T.);
#912=EDGE_CURVE('',#723,#646,#408,.T.);
#913=EDGE_CURVE('',#725,#648,#409,.T.);
#914=EDGE_CURVE('',#724,#649,#410,.T.);
#915=ORIENTED_EDGE('',*,*,#726,.F.);
#916=ORIENTED_EDGE('',*,*,#727,.T.);
#917=ORIENTED_EDGE('',*,*,#728,.F.);
#918=ORIENTED_EDGE('',*,*,#727,.F.);
#919=ORIENTED_EDGE('',*,*,#729,.F.);
#920=ORIENTED_EDGE('',*,*,#730,.T.);
#921=ORIENTED_EDGE('',*,*,#731,.F.);
#922=ORIENTED_EDGE('',*,*,#730,.F.);
#923=ORIENTED_EDGE('',*,*,#732,.F.);
#924=ORIENTED_EDGE('',*,*,#733,.T.);
#925=ORIENTED_EDGE('',*,*,#734,.F.);
#926=ORIENTED_EDGE('',*,*,#733,.F.);
#927=ORIENTED_EDGE('',*,*,#735,.F.);
#928=ORIENTED_EDGE('',*,*,#736,.T.);
#929=ORIENTED_EDGE('',*,*,#737,.F.);
#930=ORIENTED_EDGE('',*,*,#738,.F.);
#931=ORIENTED_EDGE('',*,*,#739,.F.);
#932=ORIENTED_EDGE('',*,*,#738,.T.);
#933=ORIENTED_EDGE('',*,*,#740,.F.);
#934=ORIENTED_EDGE('',*,*,#741,.F.);
#935=ORIENTED_EDGE('',*,*,#742,.F.);
#936=ORIENTED_EDGE('',*,*,#741,.T.);
#937=ORIENTED_EDGE('',*,*,#743,.F.);
#938=ORIENTED_EDGE('',*,*,#744,.F.);
#939=ORIENTED_EDGE('',*,*,#745,.F.);
#940=ORIENTED_EDGE('',*,*,#744,.T.);
#941=ORIENTED_EDGE('',*,*,#746,.F.);
#942=ORIENTED_EDGE('',*,*,#747,.F.);
#943=ORIENTED_EDGE('',*,*,#748,.F.);
#944=ORIENTED_EDGE('',*,*,#747,.T.);
#945=ORIENTED_EDGE('',*,*,#749,.F.);
#946=ORIENTED_EDGE('',*,*,#750,.F.);
#947=ORIENTED_EDGE('',*,*,#751,.F.);
#948=ORIENTED_EDGE('',*,*,#752,.T.);
#949=ORIENTED_EDGE('',*,*,#753,.F.);
#950=ORIENTED_EDGE('',*,*,#736,.F.);
#951=ORIENTED_EDGE('',*,*,#754,.F.);
#952=ORIENTED_EDGE('',*,*,#755,.T.);
#953=ORIENTED_EDGE('',*,*,#756,.F.);
#954=ORIENTED_EDGE('',*,*,#752,.F.);
#955=ORIENTED_EDGE('',*,*,#757,.F.);
#956=ORIENTED_EDGE('',*,*,#750,.T.);
#957=ORIENTED_EDGE('',*,*,#758,.F.);
#958=ORIENTED_EDGE('',*,*,#755,.F.);
#959=ORIENTED_EDGE('',*,*,#759,.F.);
#960=ORIENTED_EDGE('',*,*,#760,.T.);
#961=ORIENTED_EDGE('',*,*,#761,.F.);
#962=ORIENTED_EDGE('',*,*,#762,.F.);
#963=ORIENTED_EDGE('',*,*,#763,.F.);
#964=ORIENTED_EDGE('',*,*,#762,.T.);
#965=ORIENTED_EDGE('',*,*,#764,.F.);
#966=ORIENTED_EDGE('',*,*,#765,.F.);
#967=ORIENTED_EDGE('',*,*,#766,.F.);
#968=ORIENTED_EDGE('',*,*,#765,.T.);
#969=ORIENTED_EDGE('',*,*,#767,.F.);
#970=ORIENTED_EDGE('',*,*,#768,.F.);
#971=ORIENTED_EDGE('',*,*,#769,.F.);
#972=ORIENTED_EDGE('',*,*,#768,.T.);
#973=ORIENTED_EDGE('',*,*,#770,.F.);
#974=ORIENTED_EDGE('',*,*,#771,.F.);
#975=ORIENTED_EDGE('',*,*,#772,.F.);
#976=ORIENTED_EDGE('',*,*,#771,.T.);
#977=ORIENTED_EDGE('',*,*,#773,.F.);
#978=ORIENTED_EDGE('',*,*,#774,.F.);
#979=ORIENTED_EDGE('',*,*,#775,.F.);
#980=ORIENTED_EDGE('',*,*,#774,.T.);
#981=ORIENTED_EDGE('',*,*,#776,.F.);
#982=ORIENTED_EDGE('',*,*,#777,.F.);
#983=ORIENTED_EDGE('',*,*,#778,.F.);
#984=ORIENTED_EDGE('',*,*,#777,.T.);
#985=ORIENTED_EDGE('',*,*,#779,.F.);
#986=ORIENTED_EDGE('',*,*,#780,.F.);
#987=ORIENTED_EDGE('',*,*,#748,.T.);
#988=ORIENTED_EDGE('',*,*,#757,.T.);
#989=ORIENTED_EDGE('',*,*,#754,.T.);
#990=ORIENTED_EDGE('',*,*,#751,.T.);
#991=ORIENTED_EDGE('',*,*,#735,.T.);
#992=ORIENTED_EDGE('',*,*,#739,.T.);
#993=ORIENTED_EDGE('',*,*,#742,.T.);
#994=ORIENTED_EDGE('',*,*,#745,.T.);
#995=ORIENTED_EDGE('',*,*,#781,.F.);
#996=ORIENTED_EDGE('',*,*,#780,.T.);
#997=ORIENTED_EDGE('',*,*,#782,.F.);
#998=ORIENTED_EDGE('',*,*,#760,.F.);
#999=ORIENTED_EDGE('',*,*,#783,.T.);
#1000=ORIENTED_EDGE('',*,*,#784,.T.);
#1001=ORIENTED_EDGE('',*,*,#785,.T.);
#1002=ORIENTED_EDGE('',*,*,#786,.T.);
#1003=ORIENTED_EDGE('',*,*,#787,.T.);
#1004=ORIENTED_EDGE('',*,*,#788,.T.);
#1005=ORIENTED_EDGE('',*,*,#789,.T.);
#1006=ORIENTED_EDGE('',*,*,#790,.T.);
#1007=ORIENTED_EDGE('',*,*,#782,.T.);
#1008=ORIENTED_EDGE('',*,*,#779,.T.);
#1009=ORIENTED_EDGE('',*,*,#776,.T.);
#1010=ORIENTED_EDGE('',*,*,#773,.T.);
#1011=ORIENTED_EDGE('',*,*,#770,.T.);
#1012=ORIENTED_EDGE('',*,*,#767,.T.);
#1013=ORIENTED_EDGE('',*,*,#764,.T.);
#1014=ORIENTED_EDGE('',*,*,#761,.T.);
#1015=ORIENTED_EDGE('',*,*,#759,.T.);
#1016=ORIENTED_EDGE('',*,*,#763,.T.);
#1017=ORIENTED_EDGE('',*,*,#766,.T.);
#1018=ORIENTED_EDGE('',*,*,#769,.T.);
#1019=ORIENTED_EDGE('',*,*,#772,.T.);
#1020=ORIENTED_EDGE('',*,*,#775,.T.);
#1021=ORIENTED_EDGE('',*,*,#778,.T.);
#1022=ORIENTED_EDGE('',*,*,#781,.T.);
#1023=ORIENTED_EDGE('',*,*,#731,.T.);
#1024=ORIENTED_EDGE('',*,*,#791,.T.);
#1025=ORIENTED_EDGE('',*,*,#792,.T.);
#1026=ORIENTED_EDGE('',*,*,#793,.T.);
#1027=ORIENTED_EDGE('',*,*,#794,.T.);
#1028=ORIENTED_EDGE('',*,*,#795,.T.);
#1029=ORIENTED_EDGE('',*,*,#796,.T.);
#1030=ORIENTED_EDGE('',*,*,#797,.T.);
#1031=ORIENTED_EDGE('',*,*,#798,.T.);
#1032=ORIENTED_EDGE('',*,*,#799,.T.);
#1033=ORIENTED_EDGE('',*,*,#800,.T.);
#1034=ORIENTED_EDGE('',*,*,#801,.T.);
#1035=ORIENTED_EDGE('',*,*,#802,.T.);
#1036=ORIENTED_EDGE('',*,*,#803,.T.);
#1037=ORIENTED_EDGE('',*,*,#804,.T.);
#1038=ORIENTED_EDGE('',*,*,#805,.T.);
#1039=ORIENTED_EDGE('',*,*,#806,.T.);
#1040=ORIENTED_EDGE('',*,*,#807,.T.);
#1041=ORIENTED_EDGE('',*,*,#808,.T.);
#1042=ORIENTED_EDGE('',*,*,#809,.T.);
#1043=ORIENTED_EDGE('',*,*,#810,.T.);
#1044=ORIENTED_EDGE('',*,*,#811,.T.);
#1045=ORIENTED_EDGE('',*,*,#812,.T.);
#1046=ORIENTED_EDGE('',*,*,#813,.T.);
#1047=ORIENTED_EDGE('',*,*,#814,.T.);
#1048=ORIENTED_EDGE('',*,*,#815,.T.);
#1049=ORIENTED_EDGE('',*,*,#816,.T.);
#1050=ORIENTED_EDGE('',*,*,#817,.T.);
#1051=ORIENTED_EDGE('',*,*,#818,.T.);
#1052=ORIENTED_EDGE('',*,*,#819,.T.);
#1053=ORIENTED_EDGE('',*,*,#820,.T.);
#1054=ORIENTED_EDGE('',*,*,#821,.T.);
#1055=ORIENTED_EDGE('',*,*,#822,.T.);
#1056=ORIENTED_EDGE('',*,*,#823,.T.);
#1057=ORIENTED_EDGE('',*,*,#824,.T.);
#1058=ORIENTED_EDGE('',*,*,#825,.T.);
#1059=ORIENTED_EDGE('',*,*,#826,.T.);
#1060=ORIENTED_EDGE('',*,*,#734,.T.);
#1061=ORIENTED_EDGE('',*,*,#728,.T.);
#1062=ORIENTED_EDGE('',*,*,#827,.T.);
#1063=ORIENTED_EDGE('',*,*,#828,.T.);
#1064=ORIENTED_EDGE('',*,*,#785,.F.);
#1065=ORIENTED_EDGE('',*,*,#829,.T.);
#1066=ORIENTED_EDGE('',*,*,#829,.F.);
#1067=ORIENTED_EDGE('',*,*,#784,.F.);
#1068=ORIENTED_EDGE('',*,*,#830,.F.);
#1069=ORIENTED_EDGE('',*,*,#831,.F.);
#1070=ORIENTED_EDGE('',*,*,#749,.T.);
#1071=ORIENTED_EDGE('',*,*,#746,.T.);
#1072=ORIENTED_EDGE('',*,*,#743,.T.);
#1073=ORIENTED_EDGE('',*,*,#740,.T.);
#1074=ORIENTED_EDGE('',*,*,#737,.T.);
#1075=ORIENTED_EDGE('',*,*,#753,.T.);
#1076=ORIENTED_EDGE('',*,*,#756,.T.);
#1077=ORIENTED_EDGE('',*,*,#758,.T.);
#1078=ORIENTED_EDGE('',*,*,#832,.T.);
#1079=ORIENTED_EDGE('',*,*,#833,.T.);
#1080=ORIENTED_EDGE('',*,*,#787,.F.);
#1081=ORIENTED_EDGE('',*,*,#834,.T.);
#1082=ORIENTED_EDGE('',*,*,#833,.F.);
#1083=ORIENTED_EDGE('',*,*,#835,.F.);
#1084=ORIENTED_EDGE('',*,*,#836,.F.);
#1085=ORIENTED_EDGE('',*,*,#788,.F.);
#1086=ORIENTED_EDGE('',*,*,#828,.F.);
#1087=ORIENTED_EDGE('',*,*,#837,.F.);
#1088=ORIENTED_EDGE('',*,*,#834,.F.);
#1089=ORIENTED_EDGE('',*,*,#786,.F.);
#1090=ORIENTED_EDGE('',*,*,#838,.T.);
#1091=ORIENTED_EDGE('',*,*,#839,.T.);
#1092=ORIENTED_EDGE('',*,*,#789,.F.);
#1093=ORIENTED_EDGE('',*,*,#836,.T.);
#1094=ORIENTED_EDGE('',*,*,#839,.F.);
#1095=ORIENTED_EDGE('',*,*,#840,.F.);
#1096=ORIENTED_EDGE('',*,*,#841,.F.);
#1097=ORIENTED_EDGE('',*,*,#790,.F.);
#1098=ORIENTED_EDGE('',*,*,#842,.T.);
#1099=ORIENTED_EDGE('',*,*,#830,.T.);
#1100=ORIENTED_EDGE('',*,*,#783,.F.);
#1101=ORIENTED_EDGE('',*,*,#841,.T.);
#1102=ORIENTED_EDGE('',*,*,#827,.F.);
#1103=ORIENTED_EDGE('',*,*,#831,.T.);
#1104=ORIENTED_EDGE('',*,*,#842,.F.);
#1105=ORIENTED_EDGE('',*,*,#840,.T.);
#1106=ORIENTED_EDGE('',*,*,#838,.F.);
#1107=ORIENTED_EDGE('',*,*,#835,.T.);
#1108=ORIENTED_EDGE('',*,*,#832,.F.);
#1109=ORIENTED_EDGE('',*,*,#837,.T.);
#1110=ORIENTED_EDGE('',*,*,#729,.T.);
#1111=ORIENTED_EDGE('',*,*,#843,.T.);
#1112=ORIENTED_EDGE('',*,*,#844,.T.);
#1113=ORIENTED_EDGE('',*,*,#845,.T.);
#1114=ORIENTED_EDGE('',*,*,#846,.T.);
#1115=ORIENTED_EDGE('',*,*,#847,.T.);
#1116=ORIENTED_EDGE('',*,*,#848,.T.);
#1117=ORIENTED_EDGE('',*,*,#849,.T.);
#1118=ORIENTED_EDGE('',*,*,#850,.T.);
#1119=ORIENTED_EDGE('',*,*,#851,.T.);
#1120=ORIENTED_EDGE('',*,*,#852,.T.);
#1121=ORIENTED_EDGE('',*,*,#853,.T.);
#1122=ORIENTED_EDGE('',*,*,#854,.T.);
#1123=ORIENTED_EDGE('',*,*,#855,.T.);
#1124=ORIENTED_EDGE('',*,*,#856,.T.);
#1125=ORIENTED_EDGE('',*,*,#857,.T.);
#1126=ORIENTED_EDGE('',*,*,#858,.T.);
#1127=ORIENTED_EDGE('',*,*,#859,.T.);
#1128=ORIENTED_EDGE('',*,*,#860,.T.);
#1129=ORIENTED_EDGE('',*,*,#861,.T.);
#1130=ORIENTED_EDGE('',*,*,#862,.T.);
#1131=ORIENTED_EDGE('',*,*,#863,.T.);
#1132=ORIENTED_EDGE('',*,*,#864,.T.);
#1133=ORIENTED_EDGE('',*,*,#865,.T.);
#1134=ORIENTED_EDGE('',*,*,#866,.T.);
#1135=ORIENTED_EDGE('',*,*,#867,.T.);
#1136=ORIENTED_EDGE('',*,*,#868,.T.);
#1137=ORIENTED_EDGE('',*,*,#869,.T.);
#1138=ORIENTED_EDGE('',*,*,#870,.T.);
#1139=ORIENTED_EDGE('',*,*,#871,.T.);
#1140=ORIENTED_EDGE('',*,*,#872,.T.);
#1141=ORIENTED_EDGE('',*,*,#873,.T.);
#1142=ORIENTED_EDGE('',*,*,#874,.T.);
#1143=ORIENTED_EDGE('',*,*,#875,.T.);
#1144=ORIENTED_EDGE('',*,*,#876,.T.);
#1145=ORIENTED_EDGE('',*,*,#877,.T.);
#1146=ORIENTED_EDGE('',*,*,#878,.T.);
#1147=ORIENTED_EDGE('',*,*,#732,.T.);
#1148=ORIENTED_EDGE('',*,*,#726,.T.);
#1149=ORIENTED_EDGE('',*,*,#843,.F.);
#1150=ORIENTED_EDGE('',*,*,#879,.T.);
#1151=ORIENTED_EDGE('',*,*,#826,.F.);
#1152=ORIENTED_EDGE('',*,*,#879,.F.);
#1153=ORIENTED_EDGE('',*,*,#844,.F.);
#1154=ORIENTED_EDGE('',*,*,#880,.T.);
#1155=ORIENTED_EDGE('',*,*,#825,.F.);
#1156=ORIENTED_EDGE('',*,*,#880,.F.);
#1157=ORIENTED_EDGE('',*,*,#845,.F.);
#1158=ORIENTED_EDGE('',*,*,#881,.T.);
#1159=ORIENTED_EDGE('',*,*,#824,.F.);
#1160=ORIENTED_EDGE('',*,*,#881,.F.);
#1161=ORIENTED_EDGE('',*,*,#846,.F.);
#1162=ORIENTED_EDGE('',*,*,#882,.T.);
#1163=ORIENTED_EDGE('',*,*,#823,.F.);
#1164=ORIENTED_EDGE('',*,*,#882,.F.);
#1165=ORIENTED_EDGE('',*,*,#847,.F.);
#1166=ORIENTED_EDGE('',*,*,#883,.T.);
#1167=ORIENTED_EDGE('',*,*,#822,.F.);
#1168=ORIENTED_EDGE('',*,*,#883,.F.);
#1169=ORIENTED_EDGE('',*,*,#848,.F.);
#1170=ORIENTED_EDGE('',*,*,#884,.T.);
#1171=ORIENTED_EDGE('',*,*,#821,.F.);
#1172=ORIENTED_EDGE('',*,*,#884,.F.);
#1173=ORIENTED_EDGE('',*,*,#849,.F.);
#1174=ORIENTED_EDGE('',*,*,#885,.T.);
#1175=ORIENTED_EDGE('',*,*,#820,.F.);
#1176=ORIENTED_EDGE('',*,*,#885,.F.);
#1177=ORIENTED_EDGE('',*,*,#850,.F.);
#1178=ORIENTED_EDGE('',*,*,#886,.T.);
#1179=ORIENTED_EDGE('',*,*,#819,.F.);
#1180=ORIENTED_EDGE('',*,*,#886,.F.);
#1181=ORIENTED_EDGE('',*,*,#851,.F.);
#1182=ORIENTED_EDGE('',*,*,#887,.T.);
#1183=ORIENTED_EDGE('',*,*,#818,.F.);
#1184=ORIENTED_EDGE('',*,*,#887,.F.);
#1185=ORIENTED_EDGE('',*,*,#852,.F.);
#1186=ORIENTED_EDGE('',*,*,#888,.T.);
#1187=ORIENTED_EDGE('',*,*,#817,.F.);
#1188=ORIENTED_EDGE('',*,*,#888,.F.);
#1189=ORIENTED_EDGE('',*,*,#853,.F.);
#1190=ORIENTED_EDGE('',*,*,#889,.T.);
#1191=ORIENTED_EDGE('',*,*,#816,.F.);
#1192=ORIENTED_EDGE('',*,*,#889,.F.);
#1193=ORIENTED_EDGE('',*,*,#854,.F.);
#1194=ORIENTED_EDGE('',*,*,#890,.T.);
#1195=ORIENTED_EDGE('',*,*,#815,.F.);
#1196=ORIENTED_EDGE('',*,*,#890,.F.);
#1197=ORIENTED_EDGE('',*,*,#855,.F.);
#1198=ORIENTED_EDGE('',*,*,#891,.T.);
#1199=ORIENTED_EDGE('',*,*,#814,.F.);
#1200=ORIENTED_EDGE('',*,*,#891,.F.);
#1201=ORIENTED_EDGE('',*,*,#856,.F.);
#1202=ORIENTED_EDGE('',*,*,#892,.T.);
#1203=ORIENTED_EDGE('',*,*,#813,.F.);
#1204=ORIENTED_EDGE('',*,*,#892,.F.);
#1205=ORIENTED_EDGE('',*,*,#857,.F.);
#1206=ORIENTED_EDGE('',*,*,#893,.T.);
#1207=ORIENTED_EDGE('',*,*,#812,.F.);
#1208=ORIENTED_EDGE('',*,*,#893,.F.);
#1209=ORIENTED_EDGE('',*,*,#858,.F.);
#1210=ORIENTED_EDGE('',*,*,#894,.T.);
#1211=ORIENTED_EDGE('',*,*,#811,.F.);
#1212=ORIENTED_EDGE('',*,*,#894,.F.);
#1213=ORIENTED_EDGE('',*,*,#859,.F.);
#1214=ORIENTED_EDGE('',*,*,#895,.T.);
#1215=ORIENTED_EDGE('',*,*,#810,.F.);
#1216=ORIENTED_EDGE('',*,*,#895,.F.);
#1217=ORIENTED_EDGE('',*,*,#860,.F.);
#1218=ORIENTED_EDGE('',*,*,#896,.T.);
#1219=ORIENTED_EDGE('',*,*,#809,.F.);
#1220=ORIENTED_EDGE('',*,*,#896,.F.);
#1221=ORIENTED_EDGE('',*,*,#861,.F.);
#1222=ORIENTED_EDGE('',*,*,#897,.T.);
#1223=ORIENTED_EDGE('',*,*,#808,.F.);
#1224=ORIENTED_EDGE('',*,*,#897,.F.);
#1225=ORIENTED_EDGE('',*,*,#862,.F.);
#1226=ORIENTED_EDGE('',*,*,#898,.T.);
#1227=ORIENTED_EDGE('',*,*,#807,.F.);
#1228=ORIENTED_EDGE('',*,*,#898,.F.);
#1229=ORIENTED_EDGE('',*,*,#863,.F.);
#1230=ORIENTED_EDGE('',*,*,#899,.T.);
#1231=ORIENTED_EDGE('',*,*,#806,.F.);
#1232=ORIENTED_EDGE('',*,*,#899,.F.);
#1233=ORIENTED_EDGE('',*,*,#864,.F.);
#1234=ORIENTED_EDGE('',*,*,#900,.T.);
#1235=ORIENTED_EDGE('',*,*,#805,.F.);
#1236=ORIENTED_EDGE('',*,*,#900,.F.);
#1237=ORIENTED_EDGE('',*,*,#865,.F.);
#1238=ORIENTED_EDGE('',*,*,#901,.T.);
#1239=ORIENTED_EDGE('',*,*,#804,.F.);
#1240=ORIENTED_EDGE('',*,*,#901,.F.);
#1241=ORIENTED_EDGE('',*,*,#866,.F.);
#1242=ORIENTED_EDGE('',*,*,#902,.T.);
#1243=ORIENTED_EDGE('',*,*,#803,.F.);
#1244=ORIENTED_EDGE('',*,*,#902,.F.);
#1245=ORIENTED_EDGE('',*,*,#867,.F.);
#1246=ORIENTED_EDGE('',*,*,#903,.T.);
#1247=ORIENTED_EDGE('',*,*,#802,.F.);
#1248=ORIENTED_EDGE('',*,*,#903,.F.);
#1249=ORIENTED_EDGE('',*,*,#868,.F.);
#1250=ORIENTED_EDGE('',*,*,#904,.T.);
#1251=ORIENTED_EDGE('',*,*,#801,.F.);
#1252=ORIENTED_EDGE('',*,*,#904,.F.);
#1253=ORIENTED_EDGE('',*,*,#869,.F.);
#1254=ORIENTED_EDGE('',*,*,#905,.T.);
#1255=ORIENTED_EDGE('',*,*,#800,.F.);
#1256=ORIENTED_EDGE('',*,*,#905,.F.);
#1257=ORIENTED_EDGE('',*,*,#870,.F.);
#1258=ORIENTED_EDGE('',*,*,#906,.T.);
#1259=ORIENTED_EDGE('',*,*,#799,.F.);
#1260=ORIENTED_EDGE('',*,*,#906,.F.);
#1261=ORIENTED_EDGE('',*,*,#871,.F.);
#1262=ORIENTED_EDGE('',*,*,#907,.T.);
#1263=ORIENTED_EDGE('',*,*,#798,.F.);
#1264=ORIENTED_EDGE('',*,*,#907,.F.);
#1265=ORIENTED_EDGE('',*,*,#872,.F.);
#1266=ORIENTED_EDGE('',*,*,#908,.T.);
#1267=ORIENTED_EDGE('',*,*,#797,.F.);
#1268=ORIENTED_EDGE('',*,*,#908,.F.);
#1269=ORIENTED_EDGE('',*,*,#873,.F.);
#1270=ORIENTED_EDGE('',*,*,#909,.T.);
#1271=ORIENTED_EDGE('',*,*,#796,.F.);
#1272=ORIENTED_EDGE('',*,*,#909,.F.);
#1273=ORIENTED_EDGE('',*,*,#874,.F.);
#1274=ORIENTED_EDGE('',*,*,#910,.T.);
#1275=ORIENTED_EDGE('',*,*,#795,.F.);
#1276=ORIENTED_EDGE('',*,*,#910,.F.);
#1277=ORIENTED_EDGE('',*,*,#875,.F.);
#1278=ORIENTED_EDGE('',*,*,#911,.T.);
#1279=ORIENTED_EDGE('',*,*,#791,.F.);
#1280=ORIENTED_EDGE('',*,*,#912,.F.);
#1281=ORIENTED_EDGE('',*,*,#878,.F.);
#1282=ORIENTED_EDGE('',*,*,#913,.T.);
#1283=ORIENTED_EDGE('',*,*,#792,.F.);
#1284=ORIENTED_EDGE('',*,*,#911,.F.);
#1285=ORIENTED_EDGE('',*,*,#877,.F.);
#1286=ORIENTED_EDGE('',*,*,#914,.T.);
#1287=ORIENTED_EDGE('',*,*,#793,.F.);
#1288=ORIENTED_EDGE('',*,*,#913,.F.);
#1289=ORIENTED_EDGE('',*,*,#876,.F.);
#1290=ORIENTED_EDGE('',*,*,#912,.T.);
#1291=ORIENTED_EDGE('',*,*,#794,.F.);
#1292=ORIENTED_EDGE('',*,*,#914,.F.);
#1293=CYLINDRICAL_SURFACE('',#1420,1.09999999999999);
#1294=CYLINDRICAL_SURFACE('',#1423,1.10000000000001);
#1295=CYLINDRICAL_SURFACE('',#1426,1.09999999999999);
#1296=CYLINDRICAL_SURFACE('',#1430,1.45);
#1297=CYLINDRICAL_SURFACE('',#1434,1.45);
#1298=CYLINDRICAL_SURFACE('',#1438,1.45);
#1299=CYLINDRICAL_SURFACE('',#1442,1.45);
#1300=CYLINDRICAL_SURFACE('',#1446,2.00000000000003);
#1301=CYLINDRICAL_SURFACE('',#1450,2.00000000000001);
#1302=CYLINDRICAL_SURFACE('',#1454,1.99999999999999);
#1303=CYLINDRICAL_SURFACE('',#1458,2.00000000000002);
#1304=CYLINDRICAL_SURFACE('',#1499,4.);
#1305=CYLINDRICAL_SURFACE('',#1502,4.);
#1306=CYLINDRICAL_SURFACE('',#1506,4.);
#1307=CYLINDRICAL_SURFACE('',#1509,4.);
#1308=CYLINDRICAL_SURFACE('',#1544,0.999999999999996);
#1309=CYLINDRICAL_SURFACE('',#1545,0.999999999999996);
#1310=CYLINDRICAL_SURFACE('',#1546,0.999999999999996);
#1311=CYLINDRICAL_SURFACE('',#1547,0.999999999999996);
#1312=CYLINDRICAL_SURFACE('',#1548,0.999999999999996);
#1313=CYLINDRICAL_SURFACE('',#1549,0.999999999999996);
#1314=CYLINDRICAL_SURFACE('',#1550,0.999999999999996);
#1315=CYLINDRICAL_SURFACE('',#1551,0.999999999999996);
#1316=CYLINDRICAL_SURFACE('',#1552,0.999999999999996);
#1317=CYLINDRICAL_SURFACE('',#1553,0.999999999999996);
#1318=CYLINDRICAL_SURFACE('',#1554,0.999999999999996);
#1319=CYLINDRICAL_SURFACE('',#1555,0.999999999999996);
#1320=CYLINDRICAL_SURFACE('',#1556,0.999999999999996);
#1321=CYLINDRICAL_SURFACE('',#1557,0.999999999999996);
#1322=CYLINDRICAL_SURFACE('',#1558,0.999999999999996);
#1323=CYLINDRICAL_SURFACE('',#1559,0.999999999999996);
#1324=CYLINDRICAL_SURFACE('',#1560,0.999999999999996);
#1325=CYLINDRICAL_SURFACE('',#1561,1.00000000000001);
#1326=CYLINDRICAL_SURFACE('',#1562,0.999999999999996);
#1327=CYLINDRICAL_SURFACE('',#1563,0.999999999999996);
#1328=CYLINDRICAL_SURFACE('',#1564,0.999999999999996);
#1329=CYLINDRICAL_SURFACE('',#1565,0.999999999999996);
#1330=CYLINDRICAL_SURFACE('',#1566,0.999999999999996);
#1331=CYLINDRICAL_SURFACE('',#1567,0.999999999999996);
#1332=CYLINDRICAL_SURFACE('',#1568,0.999999999999996);
#1333=CYLINDRICAL_SURFACE('',#1569,0.999999999999996);
#1334=CYLINDRICAL_SURFACE('',#1570,0.999999999999996);
#1335=CYLINDRICAL_SURFACE('',#1571,0.999999999999996);
#1336=CYLINDRICAL_SURFACE('',#1572,0.999999999999996);
#1337=CYLINDRICAL_SURFACE('',#1573,0.999999999999996);
#1338=CYLINDRICAL_SURFACE('',#1574,4.00000005960464);
#1339=CYLINDRICAL_SURFACE('',#1575,4.00000005960464);
#1340=ADVANCED_FACE('',(#109),#1293,.F.);
#1341=ADVANCED_FACE('',(#110),#1294,.F.);
#1342=ADVANCED_FACE('',(#111),#1295,.F.);
#1343=ADVANCED_FACE('',(#112),#90,.F.);
#1344=ADVANCED_FACE('',(#113),#1296,.F.);
#1345=ADVANCED_FACE('',(#114),#91,.F.);
#1346=ADVANCED_FACE('',(#115),#1297,.F.);
#1347=ADVANCED_FACE('',(#116),#92,.F.);
#1348=ADVANCED_FACE('',(#117),#1298,.F.);
#1349=ADVANCED_FACE('',(#118),#93,.F.);
#1350=ADVANCED_FACE('',(#119),#1299,.F.);
#1351=ADVANCED_FACE('',(#120),#94,.T.);
#1352=ADVANCED_FACE('',(#121),#1300,.F.);
#1353=ADVANCED_FACE('',(#122),#95,.T.);
#1354=ADVANCED_FACE('',(#123),#1301,.F.);
#1355=ADVANCED_FACE('',(#124),#96,.T.);
#1356=ADVANCED_FACE('',(#125),#1302,.F.);
#1357=ADVANCED_FACE('',(#126,#15),#97,.T.);
#1358=ADVANCED_FACE('',(#127),#1303,.F.);
#1359=ADVANCED_FACE('',(#128,#16),#98,.T.);
#1360=ADVANCED_FACE('',(#129,#17,#18,#19,#20,#21,#22,#23,#24,#25,#26,#27,
#28,#29,#30,#31,#32,#33,#34,#35,#36,#37,#38,#39,#40,#41,#42,#43,#44,#45,
#46,#47,#48,#49,#50,#51,#52),#99,.F.);
#1361=ADVANCED_FACE('',(#130),#1304,.T.);
#1362=ADVANCED_FACE('',(#131,#53),#100,.T.);
#1363=ADVANCED_FACE('',(#132),#1305,.T.);
#1364=ADVANCED_FACE('',(#133),#101,.T.);
#1365=ADVANCED_FACE('',(#134),#102,.T.);
#1366=ADVANCED_FACE('',(#135),#1306,.T.);
#1367=ADVANCED_FACE('',(#136),#103,.T.);
#1368=ADVANCED_FACE('',(#137),#1307,.T.);
#1369=ADVANCED_FACE('',(#138,#54,#55,#56,#57,#58,#59,#60,#61,#62,#63,#64,
#65,#66,#67,#68,#69,#70,#71,#72,#73,#74,#75,#76,#77,#78,#79,#80,#81,#82,
#83,#84,#85,#86,#87,#88,#89),#104,.T.);
#1370=ADVANCED_FACE('',(#139),#1308,.F.);
#1371=ADVANCED_FACE('',(#140),#1309,.F.);
#1372=ADVANCED_FACE('',(#141),#1310,.F.);
#1373=ADVANCED_FACE('',(#142),#1311,.F.);
#1374=ADVANCED_FACE('',(#143),#1312,.F.);
#1375=ADVANCED_FACE('',(#144),#1313,.F.);
#1376=ADVANCED_FACE('',(#145),#1314,.F.);
#1377=ADVANCED_FACE('',(#146),#1315,.F.);
#1378=ADVANCED_FACE('',(#147),#1316,.F.);
#1379=ADVANCED_FACE('',(#148),#1317,.F.);
#1380=ADVANCED_FACE('',(#149),#1318,.F.);
#1381=ADVANCED_FACE('',(#150),#1319,.F.);
#1382=ADVANCED_FACE('',(#151),#1320,.F.);
#1383=ADVANCED_FACE('',(#152),#1321,.F.);
#1384=ADVANCED_FACE('',(#153),#1322,.F.);
#1385=ADVANCED_FACE('',(#154),#1323,.F.);
#1386=ADVANCED_FACE('',(#155),#1324,.F.);
#1387=ADVANCED_FACE('',(#156),#1325,.F.);
#1388=ADVANCED_FACE('',(#157),#1326,.F.);
#1389=ADVANCED_FACE('',(#158),#1327,.F.);
#1390=ADVANCED_FACE('',(#159),#1328,.F.);
#1391=ADVANCED_FACE('',(#160),#1329,.F.);
#1392=ADVANCED_FACE('',(#161),#1330,.F.);
#1393=ADVANCED_FACE('',(#162),#1331,.F.);
#1394=ADVANCED_FACE('',(#163),#1332,.F.);
#1395=ADVANCED_FACE('',(#164),#1333,.F.);
#1396=ADVANCED_FACE('',(#165),#1334,.F.);
#1397=ADVANCED_FACE('',(#166),#1335,.F.);
#1398=ADVANCED_FACE('',(#167),#1336,.F.);
#1399=ADVANCED_FACE('',(#168),#1337,.F.);
#1400=ADVANCED_FACE('',(#169),#1338,.F.);
#1401=ADVANCED_FACE('',(#170),#1339,.F.);
#1402=ADVANCED_FACE('',(#171),#105,.F.);
#1403=ADVANCED_FACE('',(#172),#106,.F.);
#1404=ADVANCED_FACE('',(#173),#107,.F.);
#1405=ADVANCED_FACE('',(#174),#108,.F.);
#1406=CLOSED_SHELL('',(#1340,#1341,#1342,#1343,#1344,#1345,#1346,#1347,
#1348,#1349,#1350,#1351,#1352,#1353,#1354,#1355,#1356,#1357,#1358,#1359,
#1360,#1361,#1362,#1363,#1364,#1365,#1366,#1367,#1368,#1369,#1370,#1371,
#1372,#1373,#1374,#1375,#1376,#1377,#1378,#1379,#1380,#1381,#1382,#1383,
#1384,#1385,#1386,#1387,#1388,#1389,#1390,#1391,#1392,#1393,#1394,#1395,
#1396,#1397,#1398,#1399,#1400,#1401,#1402,#1403,#1404,#1405));
#1407=DERIVED_UNIT_ELEMENT(#1409,1.);
#1408=DERIVED_UNIT_ELEMENT(#2384,-3.);
#1409=(
MASS_UNIT()
NAMED_UNIT(*)
SI_UNIT(.KILO.,.GRAM.)
);
#1410=DERIVED_UNIT((#1407,#1408));
#1411=MEASURE_REPRESENTATION_ITEM('density measure',
POSITIVE_RATIO_MEASURE(7850.),#1410);
#1412=PROPERTY_DEFINITION_REPRESENTATION(#1417,#1414);
#1413=PROPERTY_DEFINITION_REPRESENTATION(#1418,#1415);
#1414=REPRESENTATION('material name',(#1416),#2381);
#1415=REPRESENTATION('density',(#1411),#2381);
#1416=DESCRIPTIVE_REPRESENTATION_ITEM('Steel','Steel');
#1417=PROPERTY_DEFINITION('material property','material name',#2391);
#1418=PROPERTY_DEFINITION('material property','density of part',#2391);
#1419=AXIS2_PLACEMENT_3D('',#1997,#1580,#1581);
#1420=AXIS2_PLACEMENT_3D('',#1998,#1582,#1583);
#1421=AXIS2_PLACEMENT_3D('',#2000,#1584,#1585);
#1422=AXIS2_PLACEMENT_3D('',#2003,#1587,#1588);
#1423=AXIS2_PLACEMENT_3D('',#2004,#1589,#1590);
#1424=AXIS2_PLACEMENT_3D('',#2006,#1591,#1592);
#1425=AXIS2_PLACEMENT_3D('',#2009,#1594,#1595);
#1426=AXIS2_PLACEMENT_3D('',#2010,#1596,#1597);
#1427=AXIS2_PLACEMENT_3D('',#2012,#1598,#1599);
#1428=AXIS2_PLACEMENT_3D('',#2015,#1601,#1602);
#1429=AXIS2_PLACEMENT_3D('',#2016,#1603,#1604);
#1430=AXIS2_PLACEMENT_3D('',#2025,#1609,#1610);
#1431=AXIS2_PLACEMENT_3D('',#2027,#1611,#1612);
#1432=AXIS2_PLACEMENT_3D('',#2029,#1613,#1614);
#1433=AXIS2_PLACEMENT_3D('',#2031,#1616,#1617);
#1434=AXIS2_PLACEMENT_3D('',#2037,#1621,#1622);
#1435=AXIS2_PLACEMENT_3D('',#2039,#1623,#1624);
#1436=AXIS2_PLACEMENT_3D('',#2041,#1625,#1626);
#1437=AXIS2_PLACEMENT_3D('',#2043,#1628,#1629);
#1438=AXIS2_PLACEMENT_3D('',#2049,#1633,#1634);
#1439=AXIS2_PLACEMENT_3D('',#2051,#1635,#1636);
#1440=AXIS2_PLACEMENT_3D('',#2054,#1638,#1639);
#1441=AXIS2_PLACEMENT_3D('',#2055,#1640,#1641);
#1442=AXIS2_PLACEMENT_3D('',#2061,#1645,#1646);
#1443=AXIS2_PLACEMENT_3D('',#2062,#1647,#1648);
#1444=AXIS2_PLACEMENT_3D('',#2063,#1649,#1650);
#1445=AXIS2_PLACEMENT_3D('',#2064,#1651,#1652);
#1446=AXIS2_PLACEMENT_3D('',#2073,#1657,#1658);
#1447=AXIS2_PLACEMENT_3D('',#2075,#1659,#1660);
#1448=AXIS2_PLACEMENT_3D('',#2077,#1661,#1662);
#1449=AXIS2_PLACEMENT_3D('',#2079,#1664,#1665);
#1450=AXIS2_PLACEMENT_3D('',#2085,#1669,#1670);
#1451=AXIS2_PLACEMENT_3D('',#2087,#1671,#1672);
#1452=AXIS2_PLACEMENT_3D('',#2089,#1673,#1674);
#1453=AXIS2_PLACEMENT_3D('',#2091,#1676,#1677);
#1454=AXIS2_PLACEMENT_3D('',#2097,#1681,#1682);
#1455=AXIS2_PLACEMENT_3D('',#2099,#1683,#1684);
#1456=AXIS2_PLACEMENT_3D('',#2101,#1685,#1686);
#1457=AXIS2_PLACEMENT_3D('',#2103,#1688,#1689);
#1458=AXIS2_PLACEMENT_3D('',#2109,#1693,#1694);
#1459=AXIS2_PLACEMENT_3D('',#2110,#1695,#1696);
#1460=AXIS2_PLACEMENT_3D('',#2111,#1697,#1698);
#1461=AXIS2_PLACEMENT_3D('',#2112,#1699,#1700);
#1462=AXIS2_PLACEMENT_3D('',#2115,#1701,#1702);
#1463=AXIS2_PLACEMENT_3D('',#2119,#1704,#1705);
#1464=AXIS2_PLACEMENT_3D('',#2123,#1707,#1708);
#1465=AXIS2_PLACEMENT_3D('',#2127,#1710,#1711);
#1466=AXIS2_PLACEMENT_3D('',#2129,#1713,#1714);
#1467=AXIS2_PLACEMENT_3D('',#2139,#1719,#1720);
#1468=AXIS2_PLACEMENT_3D('',#2141,#1721,#1722);
#1469=AXIS2_PLACEMENT_3D('',#2143,#1723,#1724);
#1470=AXIS2_PLACEMENT_3D('',#2145,#1725,#1726);
#1471=AXIS2_PLACEMENT_3D('',#2147,#1727,#1728);
#1472=AXIS2_PLACEMENT_3D('',#2149,#1729,#1730);
#1473=AXIS2_PLACEMENT_3D('',#2151,#1731,#1732);
#1474=AXIS2_PLACEMENT_3D('',#2153,#1733,#1734);
#1475=AXIS2_PLACEMENT_3D('',#2155,#1735,#1736);
#1476=AXIS2_PLACEMENT_3D('',#2157,#1737,#1738);
#1477=AXIS2_PLACEMENT_3D('',#2159,#1739,#1740);
#1478=AXIS2_PLACEMENT_3D('',#2161,#1741,#1742);
#1479=AXIS2_PLACEMENT_3D('',#2163,#1743,#1744);
#1480=AXIS2_PLACEMENT_3D('',#2165,#1745,#1746);
#1481=AXIS2_PLACEMENT_3D('',#2167,#1747,#1748);
#1482=AXIS2_PLACEMENT_3D('',#2169,#1749,#1750);
#1483=AXIS2_PLACEMENT_3D('',#2171,#1751,#1752);
#1484=AXIS2_PLACEMENT_3D('',#2173,#1753,#1754);
#1485=AXIS2_PLACEMENT_3D('',#2175,#1755,#1756);
#1486=AXIS2_PLACEMENT_3D('',#2177,#1757,#1758);
#1487=AXIS2_PLACEMENT_3D('',#2179,#1759,#1760);
#1488=AXIS2_PLACEMENT_3D('',#2181,#1761,#1762);
#1489=AXIS2_PLACEMENT_3D('',#2183,#1763,#1764);
#1490=AXIS2_PLACEMENT_3D('',#2185,#1765,#1766);
#1491=AXIS2_PLACEMENT_3D('',#2187,#1767,#1768);
#1492=AXIS2_PLACEMENT_3D('',#2189,#1769,#1770);
#1493=AXIS2_PLACEMENT_3D('',#2191,#1771,#1772);
#1494=AXIS2_PLACEMENT_3D('',#2193,#1773,#1774);
#1495=AXIS2_PLACEMENT_3D('',#2195,#1775,#1776);
#1496=AXIS2_PLACEMENT_3D('',#2197,#1777,#1778);
#1497=AXIS2_PLACEMENT_3D('',#2199,#1779,#1780);
#1498=AXIS2_PLACEMENT_3D('',#2201,#1781,#1782);
#1499=AXIS2_PLACEMENT_3D('',#2202,#1783,#1784);
#1500=AXIS2_PLACEMENT_3D('',#2205,#1785,#1786);
#1501=AXIS2_PLACEMENT_3D('',#2208,#1789,#1790);
#1502=AXIS2_PLACEMENT_3D('',#2212,#1793,#1794);
#1503=AXIS2_PLACEMENT_3D('',#2215,#1795,#1796);
#1504=AXIS2_PLACEMENT_3D('',#2218,#1799,#1800);
#1505=AXIS2_PLACEMENT_3D('',#2222,#1803,#1804);
#1506=AXIS2_PLACEMENT_3D('',#2224,#1806,#1807);
#1507=AXIS2_PLACEMENT_3D('',#2226,#1808,#1809);
#1508=AXIS2_PLACEMENT_3D('',#2228,#1811,#1812);
#1509=AXIS2_PLACEMENT_3D('',#2232,#1815,#1816);
#1510=AXIS2_PLACEMENT_3D('',#2233,#1817,#1818);
#1511=AXIS2_PLACEMENT_3D('',#2234,#1819,#1820);
#1512=AXIS2_PLACEMENT_3D('',#2236,#1821,#1822);
#1513=AXIS2_PLACEMENT_3D('',#2238,#1823,#1824);
#1514=AXIS2_PLACEMENT_3D('',#2240,#1825,#1826);
#1515=AXIS2_PLACEMENT_3D('',#2242,#1827,#1828);
#1516=AXIS2_PLACEMENT_3D('',#2244,#1829,#1830);
#1517=AXIS2_PLACEMENT_3D('',#2246,#1831,#1832);
#1518=AXIS2_PLACEMENT_3D('',#2248,#1833,#1834);
#1519=AXIS2_PLACEMENT_3D('',#2250,#1835,#1836);
#1520=AXIS2_PLACEMENT_3D('',#2252,#1837,#1838);
#1521=AXIS2_PLACEMENT_3D('',#2254,#1839,#1840);
#1522=AXIS2_PLACEMENT_3D('',#2256,#1841,#1842);
#1523=AXIS2_PLACEMENT_3D('',#2258,#1843,#1844);
#1524=AXIS2_PLACEMENT_3D('',#2260,#1845,#1846);
#1525=AXIS2_PLACEMENT_3D('',#2262,#1847,#1848);
#1526=AXIS2_PLACEMENT_3D('',#2264,#1849,#1850);
#1527=AXIS2_PLACEMENT_3D('',#2266,#1851,#1852);
#1528=AXIS2_PLACEMENT_3D('',#2268,#1853,#1854);
#1529=AXIS2_PLACEMENT_3D('',#2270,#1855,#1856);
#1530=AXIS2_PLACEMENT_3D('',#2272,#1857,#1858);
#1531=AXIS2_PLACEMENT_3D('',#2274,#1859,#1860);
#1532=AXIS2_PLACEMENT_3D('',#2276,#1861,#1862);
#1533=AXIS2_PLACEMENT_3D('',#2278,#1863,#1864);
#1534=AXIS2_PLACEMENT_3D('',#2280,#1865,#1866);
#1535=AXIS2_PLACEMENT_3D('',#2282,#1867,#1868);
#1536=AXIS2_PLACEMENT_3D('',#2284,#1869,#1870);
#1537=AXIS2_PLACEMENT_3D('',#2286,#1871,#1872);
#1538=AXIS2_PLACEMENT_3D('',#2288,#1873,#1874);
#1539=AXIS2_PLACEMENT_3D('',#2290,#1875,#1876);
#1540=AXIS2_PLACEMENT_3D('',#2292,#1877,#1878);
#1541=AXIS2_PLACEMENT_3D('',#2294,#1879,#1880);
#1542=AXIS2_PLACEMENT_3D('',#2296,#1881,#1882);
#1543=AXIS2_PLACEMENT_3D('',#2298,#1883,#1884);
#1544=AXIS2_PLACEMENT_3D('',#2307,#1889,#1890);
#1545=AXIS2_PLACEMENT_3D('',#2309,#1892,#1893);
#1546=AXIS2_PLACEMENT_3D('',#2311,#1895,#1896);
#1547=AXIS2_PLACEMENT_3D('',#2313,#1898,#1899);
#1548=AXIS2_PLACEMENT_3D('',#2315,#1901,#1902);
#1549=AXIS2_PLACEMENT_3D('',#2317,#1904,#1905);
#1550=AXIS2_PLACEMENT_3D('',#2319,#1907,#1908);
#1551=AXIS2_PLACEMENT_3D('',#2321,#1910,#1911);
#1552=AXIS2_PLACEMENT_3D('',#2323,#1913,#1914);
#1553=AXIS2_PLACEMENT_3D('',#2325,#1916,#1917);
#1554=AXIS2_PLACEMENT_3D('',#2327,#1919,#1920);
#1555=AXIS2_PLACEMENT_3D('',#2329,#1922,#1923);
#1556=AXIS2_PLACEMENT_3D('',#2331,#1925,#1926);
#1557=AXIS2_PLACEMENT_3D('',#2333,#1928,#1929);
#1558=AXIS2_PLACEMENT_3D('',#2335,#1931,#1932);
#1559=AXIS2_PLACEMENT_3D('',#2337,#1934,#1935);
#1560=AXIS2_PLACEMENT_3D('',#2339,#1937,#1938);
#1561=AXIS2_PLACEMENT_3D('',#2341,#1940,#1941);
#1562=AXIS2_PLACEMENT_3D('',#2343,#1943,#1944);
#1563=AXIS2_PLACEMENT_3D('',#2345,#1946,#1947);
#1564=AXIS2_PLACEMENT_3D('',#2347,#1949,#1950);
#1565=AXIS2_PLACEMENT_3D('',#2349,#1952,#1953);
#1566=AXIS2_PLACEMENT_3D('',#2351,#1955,#1956);
#1567=AXIS2_PLACEMENT_3D('',#2353,#1958,#1959);
#1568=AXIS2_PLACEMENT_3D('',#2355,#1961,#1962);
#1569=AXIS2_PLACEMENT_3D('',#2357,#1964,#1965);
#1570=AXIS2_PLACEMENT_3D('',#2359,#1967,#1968);
#1571=AXIS2_PLACEMENT_3D('',#2361,#1970,#1971);
#1572=AXIS2_PLACEMENT_3D('',#2363,#1973,#1974);
#1573=AXIS2_PLACEMENT_3D('',#2365,#1976,#1977);
#1574=AXIS2_PLACEMENT_3D('',#2367,#1979,#1980);
#1575=AXIS2_PLACEMENT_3D('',#2369,#1982,#1983);
#1576=AXIS2_PLACEMENT_3D('',#2371,#1985,#1986);
#1577=AXIS2_PLACEMENT_3D('',#2374,#1989,#1990);
#1578=AXIS2_PLACEMENT_3D('',#2376,#1992,#1993);
#1579=AXIS2_PLACEMENT_3D('',#2378,#1995,#1996);
#1580=DIRECTION('axis',(0.,0.,1.));
#1581=DIRECTION('refdir',(1.,0.,0.));
#1582=DIRECTION('center_axis',(0.,0.,-1.));
#1583=DIRECTION('ref_axis',(-1.,0.,0.));
#1584=DIRECTION('center_axis',(0.,0.,-1.));
#1585=DIRECTION('ref_axis',(-1.,0.,0.));
#1586=DIRECTION('',(0.,0.,-1.));
#1587=DIRECTION('center_axis',(0.,0.,1.));
#1588=DIRECTION('ref_axis',(-1.,0.,0.));
#1589=DIRECTION('center_axis',(0.,0.,-1.));
#1590=DIRECTION('ref_axis',(-1.,0.,0.));
#1591=DIRECTION('center_axis',(0.,0.,-1.));
#1592=DIRECTION('ref_axis',(-1.,0.,0.));
#1593=DIRECTION('',(0.,0.,-1.));
#1594=DIRECTION('center_axis',(0.,0.,1.));
#1595=DIRECTION('ref_axis',(-1.,0.,0.));
#1596=DIRECTION('center_axis',(0.,0.,-1.));
#1597=DIRECTION('ref_axis',(-1.,0.,0.));
#1598=DIRECTION('center_axis',(0.,0.,-1.));
#1599=DIRECTION('ref_axis',(-1.,0.,0.));
#1600=DIRECTION('',(0.,0.,-1.));
#1601=DIRECTION('center_axis',(0.,0.,1.));
#1602=DIRECTION('ref_axis',(-1.,0.,0.));
#1603=DIRECTION('center_axis',(4.3098719900045E-16,3.65448412272447E-15,
-1.));
#1604=DIRECTION('ref_axis',(-1.,4.08615481035E-16,-4.30987199000449E-16));
#1605=DIRECTION('',(-1.,-9.34924652315921E-17,-4.30987199000451E-16));
#1606=DIRECTION('',(0.,1.,3.65448412272447E-15));
#1607=DIRECTION('',(1.,0.,4.3098719900045E-16));
#1608=DIRECTION('',(0.,1.,3.65448412272447E-15));
#1609=DIRECTION('center_axis',(0.,1.,3.65448412272447E-15));
#1610=DIRECTION('ref_axis',(1.49138856142814E-30,3.65448412272447E-15,-1.));
#1611=DIRECTION('center_axis',(-9.34924652315921E-17,1.,0.));
#1612=DIRECTION('ref_axis',(1.49138856142814E-30,3.65448412272447E-15,-1.));
#1613=DIRECTION('center_axis',(0.,-1.,0.));
#1614=DIRECTION('ref_axis',(1.49138856142814E-30,3.65448412272447E-15,-1.));
#1615=DIRECTION('',(0.,1.,3.65448412272447E-15));
#1616=DIRECTION('center_axis',(-1.,5.45025581855204E-45,-1.49138856142814E-30));
#1617=DIRECTION('ref_axis',(-1.49138856142814E-30,-3.649858193455E-15,1.));
#1618=DIRECTION('',(-1.49138856142814E-30,-1.39433593226115E-46,1.));
#1619=DIRECTION('',(1.49138856142814E-30,0.,-1.));
#1620=DIRECTION('',(0.,1.,3.65448412272447E-15));
#1621=DIRECTION('center_axis',(0.,1.,3.65448412272447E-15));
#1622=DIRECTION('ref_axis',(-1.,1.36010500900175E-30,-3.82835525732815E-16));
#1623=DIRECTION('center_axis',(-9.34924652315921E-17,1.,0.));
#1624=DIRECTION('ref_axis',(-1.,1.36010500900175E-30,-3.82835525732815E-16));
#1625=DIRECTION('center_axis',(0.,-1.,0.));
#1626=DIRECTION('ref_axis',(-1.,1.36010500900175E-30,-3.82835525732815E-16));
#1627=DIRECTION('',(0.,1.,3.65448412272447E-15));
#1628=DIRECTION('center_axis',(-4.52536558950473E-16,-3.65448412272447E-15,
1.));
#1629=DIRECTION('ref_axis',(1.,-4.08615481035E-16,4.52536558950471E-16));
#1630=DIRECTION('',(1.,9.34924652315921E-17,4.52536558950473E-16));
#1631=DIRECTION('',(-1.,0.,-4.52536558950473E-16));
#1632=DIRECTION('',(0.,1.,3.65448412272447E-15));
#1633=DIRECTION('center_axis',(0.,1.,3.65448412272447E-15));
#1634=DIRECTION('ref_axis',(1.,-1.36010500900175E-30,3.82835525732815E-16));
#1635=DIRECTION('center_axis',(-9.34924652315921E-17,1.,0.));
#1636=DIRECTION('ref_axis',(1.,-1.36010500900175E-30,3.82835525732815E-16));
#1637=DIRECTION('',(0.,1.,3.65448412272447E-15));
#1638=DIRECTION('center_axis',(0.,-1.,0.));
#1639=DIRECTION('ref_axis',(1.,-1.36010500900175E-30,3.82835525732815E-16));
#1640=DIRECTION('center_axis',(1.,-2.41305092533161E-44,6.6029864798883E-30));
#1641=DIRECTION('ref_axis',(6.6029864798883E-30,1.6159413400499E-14,-1.));
#1642=DIRECTION('',(6.6029864798883E-30,6.1732948389563E-46,-1.));
#1643=DIRECTION('',(0.,1.,3.65448412272447E-15));
#1644=DIRECTION('',(-6.6029864798883E-30,0.,1.));
#1645=DIRECTION('center_axis',(0.,1.,3.65448412272447E-15));
#1646=DIRECTION('ref_axis',(-1.49138856142814E-30,-3.65448412272447E-15,
1.));
#1647=DIRECTION('center_axis',(-9.34924652315921E-17,1.,0.));
#1648=DIRECTION('ref_axis',(-1.49138856142814E-30,-3.65448412272447E-15,
1.));
#1649=DIRECTION('center_axis',(0.,-1.,0.));
#1650=DIRECTION('ref_axis',(-1.49138856142814E-30,-3.65448412272447E-15,
1.));
#1651=DIRECTION('center_axis',(-1.,1.69176841847643E-16,0.));
#1652=DIRECTION('ref_axis',(1.69176841847643E-16,1.,0.));
#1653=DIRECTION('',(-1.69176841847643E-16,-1.,0.));
#1654=DIRECTION('',(0.,0.,-1.));
#1655=DIRECTION('',(1.69176841847643E-16,1.,0.));
#1656=DIRECTION('',(0.,0.,-1.));
#1657=DIRECTION('center_axis',(0.,0.,-1.));
#1658=DIRECTION('ref_axis',(1.,-1.77635683940023E-14,0.));
#1659=DIRECTION('center_axis',(0.,0.,-1.));
#1660=DIRECTION('ref_axis',(1.,-1.77635683940023E-14,0.));
#1661=DIRECTION('center_axis',(0.,0.,1.));
#1662=DIRECTION('ref_axis',(1.,-1.77635683940023E-14,0.));
#1663=DIRECTION('',(0.,0.,-1.));
#1664=DIRECTION('center_axis',(0.,1.,0.));
#1665=DIRECTION('ref_axis',(1.,0.,0.));
#1666=DIRECTION('',(-1.,0.,0.));
#1667=DIRECTION('',(1.,0.,0.));
#1668=DIRECTION('',(0.,0.,-1.));
#1669=DIRECTION('center_axis',(0.,0.,-1.));
#1670=DIRECTION('ref_axis',(-4.4408920985006E-15,-1.,0.));
#1671=DIRECTION('center_axis',(0.,0.,-1.));
#1672=DIRECTION('ref_axis',(-4.4408920985006E-15,-1.,0.));
#1673=DIRECTION('center_axis',(0.,0.,1.));
#1674=DIRECTION('ref_axis',(-4.4408920985006E-15,-1.,0.));
#1675=DIRECTION('',(0.,0.,-1.));
#1676=DIRECTION('center_axis',(1.,8.45884209238214E-17,0.));
#1677=DIRECTION('ref_axis',(8.45884209238214E-17,-1.,0.));
#1678=DIRECTION('',(-8.45884209238214E-17,1.,0.));
#1679=DIRECTION('',(8.45884209238214E-17,-1.,0.));
#1680=DIRECTION('',(0.,0.,-1.));
#1681=DIRECTION('center_axis',(0.,0.,-1.));
#1682=DIRECTION('ref_axis',(-1.,0.,0.));
#1683=DIRECTION('center_axis',(0.,0.,-1.));
#1684=DIRECTION('ref_axis',(-1.,0.,0.));
#1685=DIRECTION('center_axis',(0.,0.,1.));
#1686=DIRECTION('ref_axis',(-1.,0.,0.));
#1687=DIRECTION('',(0.,0.,-1.));
#1688=DIRECTION('center_axis',(9.34924652315921E-17,-1.,0.));
#1689=DIRECTION('ref_axis',(-1.,-9.34924652315921E-17,0.));
#1690=DIRECTION('',(1.,9.34924652315921E-17,0.));
#1691=DIRECTION('',(-1.,-9.34924652315921E-17,0.));
#1692=DIRECTION('',(0.,0.,-1.));
#1693=DIRECTION('center_axis',(0.,0.,-1.));
#1694=DIRECTION('ref_axis',(8.88178419700117E-15,1.,0.));
#1695=DIRECTION('center_axis',(0.,0.,-1.));
#1696=DIRECTION('ref_axis',(8.88178419700117E-15,1.,0.));
#1697=DIRECTION('center_axis',(0.,0.,1.));
#1698=DIRECTION('ref_axis',(8.88178419700117E-15,1.,0.));
#1699=DIRECTION('center_axis',(0.,0.,-1.));
#1700=DIRECTION('ref_axis',(1.,0.,0.));
#1701=DIRECTION('center_axis',(0.,0.,-1.));
#1702=DIRECTION('ref_axis',(-1.,0.,0.));
#1703=DIRECTION('',(1.,0.,0.));
#1704=DIRECTION('center_axis',(0.,0.,-1.));
#1705=DIRECTION('ref_axis',(4.4408920985006E-15,1.,0.));
#1706=DIRECTION('',(-1.69176841847643E-16,-1.,0.));
#1707=DIRECTION('center_axis',(0.,0.,-1.));
#1708=DIRECTION('ref_axis',(1.,-8.8817841970012E-15,0.));
#1709=DIRECTION('',(-1.,0.,0.));
#1710=DIRECTION('center_axis',(0.,0.,-1.));
#1711=DIRECTION('ref_axis',(-2.22044604925031E-15,-1.,0.));
#1712=DIRECTION('',(-8.45884209238214E-17,1.,0.));
#1713=DIRECTION('center_axis',(0.,0.,1.));
#1714=DIRECTION('ref_axis',(1.,0.,0.));
#1715=DIRECTION('',(0.,1.,0.));
#1716=DIRECTION('',(-1.,0.,0.));
#1717=DIRECTION('',(0.,-1.,0.));
#1718=DIRECTION('',(1.,0.,0.));
#1719=DIRECTION('center_axis',(0.,0.,1.));
#1720=DIRECTION('ref_axis',(1.,0.,0.));
#1721=DIRECTION('center_axis',(0.,0.,1.));
#1722=DIRECTION('ref_axis',(-1.,0.,0.));
#1723=DIRECTION('center_axis',(0.,0.,1.));
#1724=DIRECTION('ref_axis',(1.,0.,0.));
#1725=DIRECTION('center_axis',(0.,0.,1.));
#1726=DIRECTION('ref_axis',(1.,0.,0.));
#1727=DIRECTION('center_axis',(0.,0.,1.));
#1728=DIRECTION('ref_axis',(1.,0.,0.));
#1729=DIRECTION('center_axis',(0.,0.,1.));
#1730=DIRECTION('ref_axis',(1.,0.,0.));
#1731=DIRECTION('center_axis',(0.,0.,1.));
#1732=DIRECTION('ref_axis',(1.,0.,0.));
#1733=DIRECTION('center_axis',(0.,0.,1.));
#1734=DIRECTION('ref_axis',(1.,0.,0.));
#1735=DIRECTION('center_axis',(0.,0.,1.));
#1736=DIRECTION('ref_axis',(1.,0.,0.));
#1737=DIRECTION('center_axis',(0.,0.,1.));
#1738=DIRECTION('ref_axis',(1.,0.,0.));
#1739=DIRECTION('center_axis',(0.,0.,1.));
#1740=DIRECTION('ref_axis',(1.,0.,0.));
#1741=DIRECTION('center_axis',(0.,0.,1.));
#1742=DIRECTION('ref_axis',(1.,0.,0.));
#1743=DIRECTION('center_axis',(0.,0.,1.));
#1744=DIRECTION('ref_axis',(1.,0.,0.));
#1745=DIRECTION('center_axis',(0.,0.,1.));
#1746=DIRECTION('ref_axis',(1.,0.,0.));
#1747=DIRECTION('center_axis',(0.,0.,1.));
#1748=DIRECTION('ref_axis',(1.,0.,0.));
#1749=DIRECTION('center_axis',(0.,0.,1.));
#1750=DIRECTION('ref_axis',(1.,0.,0.));
#1751=DIRECTION('center_axis',(0.,0.,1.));
#1752=DIRECTION('ref_axis',(1.,0.,0.));
#1753=DIRECTION('center_axis',(0.,0.,1.));
#1754=DIRECTION('ref_axis',(1.,0.,0.));
#1755=DIRECTION('center_axis',(0.,0.,1.));
#1756=DIRECTION('ref_axis',(1.,0.,0.));
#1757=DIRECTION('center_axis',(0.,0.,1.));
#1758=DIRECTION('ref_axis',(1.,0.,0.));
#1759=DIRECTION('center_axis',(0.,0.,1.));
#1760=DIRECTION('ref_axis',(1.,0.,0.));
#1761=DIRECTION('center_axis',(0.,0.,1.));
#1762=DIRECTION('ref_axis',(1.,0.,0.));
#1763=DIRECTION('center_axis',(0.,0.,1.));
#1764=DIRECTION('ref_axis',(1.,0.,0.));
#1765=DIRECTION('center_axis',(0.,0.,1.));
#1766=DIRECTION('ref_axis',(1.,0.,0.));
#1767=DIRECTION('center_axis',(0.,0.,1.));
#1768=DIRECTION('ref_axis',(1.,0.,0.));
#1769=DIRECTION('center_axis',(0.,0.,1.));
#1770=DIRECTION('ref_axis',(1.,0.,0.));
#1771=DIRECTION('center_axis',(0.,0.,1.));
#1772=DIRECTION('ref_axis',(1.,0.,0.));
#1773=DIRECTION('center_axis',(0.,0.,1.));
#1774=DIRECTION('ref_axis',(1.,0.,0.));
#1775=DIRECTION('center_axis',(0.,0.,1.));
#1776=DIRECTION('ref_axis',(1.,0.,0.));
#1777=DIRECTION('center_axis',(0.,0.,1.));
#1778=DIRECTION('ref_axis',(1.,0.,0.));
#1779=DIRECTION('center_axis',(0.,0.,1.));
#1780=DIRECTION('ref_axis',(1.,0.,0.));
#1781=DIRECTION('center_axis',(0.,0.,1.));
#1782=DIRECTION('ref_axis',(1.,0.,0.));
#1783=DIRECTION('center_axis',(0.,0.,1.));
#1784=DIRECTION('ref_axis',(0.707106781186546,0.707106781186549,0.));
#1785=DIRECTION('center_axis',(0.,0.,-1.));
#1786=DIRECTION('ref_axis',(0.707106781186546,0.707106781186549,0.));
#1787=DIRECTION('',(0.,0.,-1.));
#1788=DIRECTION('',(0.,0.,1.));
#1789=DIRECTION('center_axis',(0.,1.,0.));
#1790=DIRECTION('ref_axis',(-1.,0.,0.));
#1791=DIRECTION('',(0.,0.,-1.));
#1792=DIRECTION('',(-1.,0.,0.));
#1793=DIRECTION('center_axis',(0.,0.,1.));
#1794=DIRECTION('ref_axis',(0.707106781186551,-0.707106781186544,0.));
#1795=DIRECTION('center_axis',(0.,0.,-1.));
#1796=DIRECTION('ref_axis',(0.707106781186551,-0.707106781186544,0.));
#1797=DIRECTION('',(0.,0.,-1.));
#1798=DIRECTION('',(0.,0.,1.));
#1799=DIRECTION('center_axis',(0.,-1.,0.));
#1800=DIRECTION('ref_axis',(1.,0.,0.));
#1801=DIRECTION('',(1.,0.,0.));
#1802=DIRECTION('',(0.,0.,1.));
#1803=DIRECTION('center_axis',(1.,0.,0.));
#1804=DIRECTION('ref_axis',(0.,1.,0.));
#1805=DIRECTION('',(0.,1.,0.));
#1806=DIRECTION('center_axis',(0.,0.,1.));
#1807=DIRECTION('ref_axis',(-0.707106781186546,-0.707106781186549,0.));
#1808=DIRECTION('center_axis',(0.,0.,-1.));
#1809=DIRECTION('ref_axis',(-0.707106781186546,-0.707106781186549,0.));
#1810=DIRECTION('',(0.,0.,-1.));
#1811=DIRECTION('center_axis',(-1.,0.,0.));
#1812=DIRECTION('ref_axis',(0.,-1.,0.));
#1813=DIRECTION('',(0.,-1.,0.));
#1814=DIRECTION('',(0.,0.,1.));
#1815=DIRECTION('center_axis',(0.,0.,1.));
#1816=DIRECTION('ref_axis',(-0.707106781186548,0.707106781186548,0.));
#1817=DIRECTION('center_axis',(0.,0.,-1.));
#1818=DIRECTION('ref_axis',(-0.707106781186548,0.707106781186548,0.));
#1819=DIRECTION('center_axis',(0.,0.,1.));
#1820=DIRECTION('ref_axis',(1.,0.,0.));
#1821=DIRECTION('center_axis',(0.,0.,-1.));
#1822=DIRECTION('ref_axis',(1.,0.,0.));
#1823=DIRECTION('center_axis',(0.,0.,-1.));
#1824=DIRECTION('ref_axis',(1.,0.,0.));
#1825=DIRECTION('center_axis',(0.,0.,-1.));
#1826=DIRECTION('ref_axis',(1.,0.,0.));
#1827=DIRECTION('center_axis',(0.,0.,-1.));
#1828=DIRECTION('ref_axis',(1.,0.,0.));
#1829=DIRECTION('center_axis',(0.,0.,-1.));
#1830=DIRECTION('ref_axis',(1.,0.,0.));
#1831=DIRECTION('center_axis',(0.,0.,-1.));
#1832=DIRECTION('ref_axis',(1.,0.,0.));
#1833=DIRECTION('center_axis',(0.,0.,-1.));
#1834=DIRECTION('ref_axis',(1.,0.,0.));
#1835=DIRECTION('center_axis',(0.,0.,-1.));
#1836=DIRECTION('ref_axis',(1.,0.,0.));
#1837=DIRECTION('center_axis',(0.,0.,-1.));
#1838=DIRECTION('ref_axis',(1.,0.,0.));
#1839=DIRECTION('center_axis',(0.,0.,-1.));
#1840=DIRECTION('ref_axis',(1.,0.,0.));
#1841=DIRECTION('center_axis',(0.,0.,-1.));
#1842=DIRECTION('ref_axis',(1.,0.,0.));
#1843=DIRECTION('center_axis',(0.,0.,-1.));
#1844=DIRECTION('ref_axis',(1.,0.,0.));
#1845=DIRECTION('center_axis',(0.,0.,-1.));
#1846=DIRECTION('ref_axis',(1.,0.,0.));
#1847=DIRECTION('center_axis',(0.,0.,-1.));
#1848=DIRECTION('ref_axis',(1.,0.,0.));
#1849=DIRECTION('center_axis',(0.,0.,-1.));
#1850=DIRECTION('ref_axis',(1.,0.,0.));
#1851=DIRECTION('center_axis',(0.,0.,-1.));
#1852=DIRECTION('ref_axis',(1.,0.,0.));
#1853=DIRECTION('center_axis',(0.,0.,-1.));
#1854=DIRECTION('ref_axis',(1.,0.,0.));
#1855=DIRECTION('center_axis',(0.,0.,-1.));
#1856=DIRECTION('ref_axis',(1.,0.,0.));
#1857=DIRECTION('center_axis',(0.,0.,-1.));
#1858=DIRECTION('ref_axis',(1.,0.,0.));
#1859=DIRECTION('center_axis',(0.,0.,-1.));
#1860=DIRECTION('ref_axis',(1.,0.,0.));
#1861=DIRECTION('center_axis',(0.,0.,-1.));
#1862=DIRECTION('ref_axis',(1.,0.,0.));
#1863=DIRECTION('center_axis',(0.,0.,-1.));
#1864=DIRECTION('ref_axis',(1.,0.,0.));
#1865=DIRECTION('center_axis',(0.,0.,-1.));
#1866=DIRECTION('ref_axis',(1.,0.,0.));
#1867=DIRECTION('center_axis',(0.,0.,-1.));
#1868=DIRECTION('ref_axis',(1.,0.,0.));
#1869=DIRECTION('center_axis',(0.,0.,-1.));
#1870=DIRECTION('ref_axis',(1.,0.,0.));
#1871=DIRECTION('center_axis',(0.,0.,-1.));
#1872=DIRECTION('ref_axis',(1.,0.,0.));
#1873=DIRECTION('center_axis',(0.,0.,-1.));
#1874=DIRECTION('ref_axis',(1.,0.,0.));
#1875=DIRECTION('center_axis',(0.,0.,-1.));
#1876=DIRECTION('ref_axis',(1.,0.,0.));
#1877=DIRECTION('center_axis',(0.,0.,-1.));
#1878=DIRECTION('ref_axis',(1.,0.,0.));
#1879=DIRECTION('center_axis',(0.,0.,-1.));
#1880=DIRECTION('ref_axis',(1.,0.,0.));
#1881=DIRECTION('center_axis',(0.,0.,-1.));
#1882=DIRECTION('ref_axis',(-1.,0.,0.));
#1883=DIRECTION('center_axis',(0.,0.,-1.));
#1884=DIRECTION('ref_axis',(1.,0.,0.));
#1885=DIRECTION('',(0.,-1.,0.));
#1886=DIRECTION('',(-1.,0.,0.));
#1887=DIRECTION('',(0.,1.,0.));
#1888=DIRECTION('',(1.,0.,0.));
#1889=DIRECTION('center_axis',(0.,0.,-1.));
#1890=DIRECTION('ref_axis',(1.,0.,0.));
#1891=DIRECTION('',(0.,0.,-1.));
#1892=DIRECTION('center_axis',(0.,0.,-1.));
#1893=DIRECTION('ref_axis',(1.,0.,0.));
#1894=DIRECTION('',(0.,0.,-1.));
#1895=DIRECTION('center_axis',(0.,0.,-1.));
#1896=DIRECTION('ref_axis',(1.,0.,0.));
#1897=DIRECTION('',(0.,0.,-1.));
#1898=DIRECTION('center_axis',(0.,0.,-1.));
#1899=DIRECTION('ref_axis',(1.,0.,0.));
#1900=DIRECTION('',(0.,0.,-1.));
#1901=DIRECTION('center_axis',(0.,0.,-1.));
#1902=DIRECTION('ref_axis',(1.,0.,0.));
#1903=DIRECTION('',(0.,0.,-1.));
#1904=DIRECTION('center_axis',(0.,0.,-1.));
#1905=DIRECTION('ref_axis',(1.,0.,0.));
#1906=DIRECTION('',(0.,0.,-1.));
#1907=DIRECTION('center_axis',(0.,0.,-1.));
#1908=DIRECTION('ref_axis',(1.,0.,0.));
#1909=DIRECTION('',(0.,0.,-1.));
#1910=DIRECTION('center_axis',(0.,0.,-1.));
#1911=DIRECTION('ref_axis',(1.,0.,0.));
#1912=DIRECTION('',(0.,0.,-1.));
#1913=DIRECTION('center_axis',(0.,0.,-1.));
#1914=DIRECTION('ref_axis',(1.,0.,0.));
#1915=DIRECTION('',(0.,0.,-1.));
#1916=DIRECTION('center_axis',(0.,0.,-1.));
#1917=DIRECTION('ref_axis',(1.,0.,0.));
#1918=DIRECTION('',(0.,0.,-1.));
#1919=DIRECTION('center_axis',(0.,0.,-1.));
#1920=DIRECTION('ref_axis',(1.,0.,0.));
#1921=DIRECTION('',(0.,0.,-1.));
#1922=DIRECTION('center_axis',(0.,0.,-1.));
#1923=DIRECTION('ref_axis',(1.,0.,0.));
#1924=DIRECTION('',(0.,0.,-1.));
#1925=DIRECTION('center_axis',(0.,0.,-1.));
#1926=DIRECTION('ref_axis',(1.,0.,0.));
#1927=DIRECTION('',(0.,0.,-1.));
#1928=DIRECTION('center_axis',(0.,0.,-1.));
#1929=DIRECTION('ref_axis',(1.,0.,0.));
#1930=DIRECTION('',(0.,0.,-1.));
#1931=DIRECTION('center_axis',(0.,0.,-1.));
#1932=DIRECTION('ref_axis',(1.,0.,0.));
#1933=DIRECTION('',(0.,0.,-1.));
#1934=DIRECTION('center_axis',(0.,0.,-1.));
#1935=DIRECTION('ref_axis',(1.,0.,0.));
#1936=DIRECTION('',(0.,0.,-1.));
#1937=DIRECTION('center_axis',(0.,0.,-1.));
#1938=DIRECTION('ref_axis',(1.,0.,0.));
#1939=DIRECTION('',(0.,0.,-1.));
#1940=DIRECTION('center_axis',(0.,0.,-1.));
#1941=DIRECTION('ref_axis',(1.,0.,0.));
#1942=DIRECTION('',(0.,0.,-1.));
#1943=DIRECTION('center_axis',(0.,0.,-1.));
#1944=DIRECTION('ref_axis',(1.,0.,0.));
#1945=DIRECTION('',(0.,0.,-1.));
#1946=DIRECTION('center_axis',(0.,0.,-1.));
#1947=DIRECTION('ref_axis',(1.,0.,0.));
#1948=DIRECTION('',(0.,0.,-1.));
#1949=DIRECTION('center_axis',(0.,0.,-1.));
#1950=DIRECTION('ref_axis',(1.,0.,0.));
#1951=DIRECTION('',(0.,0.,-1.));
#1952=DIRECTION('center_axis',(0.,0.,-1.));
#1953=DIRECTION('ref_axis',(1.,0.,0.));
#1954=DIRECTION('',(0.,0.,-1.));
#1955=DIRECTION('center_axis',(0.,0.,-1.));
#1956=DIRECTION('ref_axis',(1.,0.,0.));
#1957=DIRECTION('',(0.,0.,-1.));
#1958=DIRECTION('center_axis',(0.,0.,-1.));
#1959=DIRECTION('ref_axis',(1.,0.,0.));
#1960=DIRECTION('',(0.,0.,-1.));
#1961=DIRECTION('center_axis',(0.,0.,-1.));
#1962=DIRECTION('ref_axis',(1.,0.,0.));
#1963=DIRECTION('',(0.,0.,-1.));
#1964=DIRECTION('center_axis',(0.,0.,-1.));
#1965=DIRECTION('ref_axis',(1.,0.,0.));
#1966=DIRECTION('',(0.,0.,-1.));
#1967=DIRECTION('center_axis',(0.,0.,-1.));
#1968=DIRECTION('ref_axis',(1.,0.,0.));
#1969=DIRECTION('',(0.,0.,-1.));
#1970=DIRECTION('center_axis',(0.,0.,-1.));
#1971=DIRECTION('ref_axis',(1.,0.,0.));
#1972=DIRECTION('',(0.,0.,-1.));
#1973=DIRECTION('center_axis',(0.,0.,-1.));
#1974=DIRECTION('ref_axis',(1.,0.,0.));
#1975=DIRECTION('',(0.,0.,-1.));
#1976=DIRECTION('center_axis',(0.,0.,-1.));
#1977=DIRECTION('ref_axis',(1.,0.,0.));
#1978=DIRECTION('',(0.,0.,-1.));
#1979=DIRECTION('center_axis',(0.,0.,-1.));
#1980=DIRECTION('ref_axis',(-1.,0.,0.));
#1981=DIRECTION('',(0.,0.,-1.));
#1982=DIRECTION('center_axis',(0.,0.,-1.));
#1983=DIRECTION('ref_axis',(1.,0.,0.));
#1984=DIRECTION('',(0.,0.,-1.));
#1985=DIRECTION('center_axis',(1.,0.,0.));
#1986=DIRECTION('ref_axis',(0.,-1.,-1.21032588871329E-16));
#1987=DIRECTION('',(0.,0.,-1.));
#1988=DIRECTION('',(0.,0.,-1.));
#1989=DIRECTION('center_axis',(0.,1.,0.));
#1990=DIRECTION('ref_axis',(1.,0.,2.80020572936956E-16));
#1991=DIRECTION('',(0.,0.,-1.));
#1992=DIRECTION('center_axis',(-1.,0.,0.));
#1993=DIRECTION('ref_axis',(0.,1.,0.));
#1994=DIRECTION('',(0.,0.,-1.));
#1995=DIRECTION('center_axis',(0.,-1.,0.));
#1996=DIRECTION('ref_axis',(-1.,0.,-1.68012343762173E-16));
#1997=CARTESIAN_POINT('',(0.,0.,0.));
#1998=CARTESIAN_POINT('Origin',(87.3,-57.7,12.));
#1999=CARTESIAN_POINT('',(88.4,-57.7,12.));
#2000=CARTESIAN_POINT('Origin',(87.3,-57.7,12.));
#2001=CARTESIAN_POINT('',(88.4,-57.7,10.));
#2002=CARTESIAN_POINT('',(88.4,-57.7,12.));
#2003=CARTESIAN_POINT('Origin',(87.3,-57.7,10.));
#2004=CARTESIAN_POINT('Origin',(123.7,-145.1,12.));
#2005=CARTESIAN_POINT('',(124.8,-145.1,12.));
#2006=CARTESIAN_POINT('Origin',(123.7,-145.1,12.));
#2007=CARTESIAN_POINT('',(124.8,-145.1,10.));
#2008=CARTESIAN_POINT('',(124.8,-145.1,12.));
#2009=CARTESIAN_POINT('Origin',(123.7,-145.1,10.));
#2010=CARTESIAN_POINT('Origin',(50.3,-145.1,12.));
#2011=CARTESIAN_POINT('',(51.4,-145.1,12.));
#2012=CARTESIAN_POINT('Origin',(50.3,-145.1,12.));
#2013=CARTESIAN_POINT('',(51.4,-145.1,10.));
#2014=CARTESIAN_POINT('',(51.4,-145.1,12.));
#2015=CARTESIAN_POINT('Origin',(50.3,-145.1,10.));
#2016=CARTESIAN_POINT('Origin',(121.119971947064,-51.097360164261,-4.69500001490097));
#2017=CARTESIAN_POINT('',(121.119971947064,-48.,-4.69500001490095));
#2018=CARTESIAN_POINT('',(114.679971947064,-48.,-4.69500001490096));
#2019=CARTESIAN_POINT('',(128.059985973532,-48.,-4.69500001490095));
#2020=CARTESIAN_POINT('',(121.119971947064,-46.,-4.69500001490094));
#2021=CARTESIAN_POINT('',(121.119971947064,-51.097360164261,-4.69500001490096));
#2022=CARTESIAN_POINT('',(114.679971947064,-46.,-4.69500001490095));
#2023=CARTESIAN_POINT('',(128.059985973532,-46.,-4.69500001490094));
#2024=CARTESIAN_POINT('',(114.679971947064,-51.097360164261,-4.69500001490097));
#2025=CARTESIAN_POINT('Origin',(114.679971947064,-51.097360164261,-3.24500001490097));
#2026=CARTESIAN_POINT('',(113.229971947064,-48.,-3.24500001490096));
#2027=CARTESIAN_POINT('Origin',(114.679971947064,-48.,-3.24500001490096));
#2028=CARTESIAN_POINT('',(113.229971947064,-46.,-3.24500001490095));
#2029=CARTESIAN_POINT('Origin',(114.679971947064,-45.9999999999999,-3.24500001490095));
#2030=CARTESIAN_POINT('',(113.229971947064,-51.097360164261,-3.24500001490097));
#2031=CARTESIAN_POINT('Origin',(113.229971947064,-51.097360164261,-3.24500001490097));
#2032=CARTESIAN_POINT('',(113.229971947064,-48.,-2.53500001490096));
#2033=CARTESIAN_POINT('',(113.229971947064,-48.,3.37749999254952));
#2034=CARTESIAN_POINT('',(113.229971947064,-46.,-2.53500001490095));
#2035=CARTESIAN_POINT('',(113.229971947064,-46.,3.37749999254952));
#2036=CARTESIAN_POINT('',(113.229971947064,-51.097360164261,-2.53500001490097));
#2037=CARTESIAN_POINT('Origin',(114.679971947064,-51.097360164261,-2.53500001490097));
#2038=CARTESIAN_POINT('',(114.679971947064,-48.,-1.08500001490096));
#2039=CARTESIAN_POINT('Origin',(114.679971947064,-48.,-2.53500001490096));
#2040=CARTESIAN_POINT('',(114.679971947064,-46.,-1.08500001490095));
#2041=CARTESIAN_POINT('Origin',(114.679971947064,-46.,-2.53500001490095));
#2042=CARTESIAN_POINT('',(114.679971947064,-51.0973601642611,-1.08500001490097));
#2043=CARTESIAN_POINT('Origin',(114.679971947064,-51.0973601642611,-1.08500001490097));
#2044=CARTESIAN_POINT('',(121.119971947064,-48.,-1.08500001490095));
#2045=CARTESIAN_POINT('',(124.839985973532,-48.,-1.08500001490095));
#2046=CARTESIAN_POINT('',(121.119971947064,-46.,-1.08500001490095));
#2047=CARTESIAN_POINT('',(124.839985973532,-46.,-1.08500001490095));
#2048=CARTESIAN_POINT('',(121.119971947064,-51.0973601642611,-1.08500001490097));
#2049=CARTESIAN_POINT('Origin',(121.119971947064,-51.097360164261,-3.24500001490097));
#2050=CARTESIAN_POINT('',(122.569971947064,-48.,-3.24500001490095));
#2051=CARTESIAN_POINT('Origin',(121.119971947064,-48.,-3.24500001490096));
#2052=CARTESIAN_POINT('',(122.569971947064,-46.,-3.24500001490095));
#2053=CARTESIAN_POINT('',(122.569971947064,-51.097360164261,-3.24500001490097));
#2054=CARTESIAN_POINT('Origin',(121.119971947064,-45.9999999999999,-3.24500001490095));
#2055=CARTESIAN_POINT('Origin',(122.569971947064,-51.097360164261,-2.53500001490097));
#2056=CARTESIAN_POINT('',(122.569971947064,-48.,-2.53500001490095));
#2057=CARTESIAN_POINT('',(122.569971947064,-48.,3.73249999254952));
#2058=CARTESIAN_POINT('',(122.569971947064,-46.,-2.53500001490095));
#2059=CARTESIAN_POINT('',(122.569971947064,-51.0973601642611,-2.53500001490097));
#2060=CARTESIAN_POINT('',(122.569971947064,-46.,3.73249999254952));
#2061=CARTESIAN_POINT('Origin',(121.119971947064,-51.0973601642611,-2.53500001490097));
#2062=CARTESIAN_POINT('Origin',(121.119971947064,-48.,-2.53500001490095));
#2063=CARTESIAN_POINT('Origin',(121.119971947064,-46.,-2.53500001490095));
#2064=CARTESIAN_POINT('Origin',(137.,-155.,10.));
#2065=CARTESIAN_POINT('',(137.,-50.,10.));
#2066=CARTESIAN_POINT('',(137.,-155.,10.));
#2067=CARTESIAN_POINT('',(137.,-128.75,10.));
#2068=CARTESIAN_POINT('',(137.,-50.,-8.5));
#2069=CARTESIAN_POINT('',(137.,-50.,10.));
#2070=CARTESIAN_POINT('',(137.,-155.,-8.5));
#2071=CARTESIAN_POINT('',(137.,-50.,-8.5));
#2072=CARTESIAN_POINT('',(137.,-155.,10.));
#2073=CARTESIAN_POINT('Origin',(135.,-155.,10.));
#2074=CARTESIAN_POINT('',(135.,-157.,10.));
#2075=CARTESIAN_POINT('Origin',(135.,-155.,10.));
#2076=CARTESIAN_POINT('',(135.,-157.,-8.5));
#2077=CARTESIAN_POINT('Origin',(135.,-155.,-8.5));
#2078=CARTESIAN_POINT('',(135.,-157.,10.));
#2079=CARTESIAN_POINT('Origin',(40.,-157.,10.));
#2080=CARTESIAN_POINT('',(40.,-157.,10.));
#2081=CARTESIAN_POINT('',(63.75,-157.,10.));
#2082=CARTESIAN_POINT('',(40.,-157.,-8.5));
#2083=CARTESIAN_POINT('',(135.,-157.,-8.5));
#2084=CARTESIAN_POINT('',(40.,-157.,10.));
#2085=CARTESIAN_POINT('Origin',(40.,-155.,10.));
#2086=CARTESIAN_POINT('',(38.,-155.,10.));
#2087=CARTESIAN_POINT('Origin',(40.,-155.,10.));
#2088=CARTESIAN_POINT('',(38.,-155.,-8.5));
#2089=CARTESIAN_POINT('Origin',(40.,-155.,-8.5));
#2090=CARTESIAN_POINT('',(38.,-155.,10.));
#2091=CARTESIAN_POINT('Origin',(38.,-50.,10.));
#2092=CARTESIAN_POINT('',(38.,-50.,10.));
#2093=CARTESIAN_POINT('',(38.,-76.25,10.));
#2094=CARTESIAN_POINT('',(38.,-50.,-8.5));
#2095=CARTESIAN_POINT('',(38.,-155.,-8.5));
#2096=CARTESIAN_POINT('',(38.,-50.,10.));
#2097=CARTESIAN_POINT('Origin',(40.,-50.,10.));
#2098=CARTESIAN_POINT('',(40.,-48.,10.));
#2099=CARTESIAN_POINT('Origin',(40.,-50.,10.));
#2100=CARTESIAN_POINT('',(40.,-48.,-8.5));
#2101=CARTESIAN_POINT('Origin',(40.,-50.,-8.5));
#2102=CARTESIAN_POINT('',(40.,-48.,10.));
#2103=CARTESIAN_POINT('Origin',(135.,-48.,10.));
#2104=CARTESIAN_POINT('',(135.,-48.,10.));
#2105=CARTESIAN_POINT('',(111.25,-48.,10.));
#2106=CARTESIAN_POINT('',(135.,-48.,-8.5));
#2107=CARTESIAN_POINT('',(40.,-48.,-8.5));
#2108=CARTESIAN_POINT('',(135.,-48.,10.));
#2109=CARTESIAN_POINT('Origin',(135.,-50.,10.));
#2110=CARTESIAN_POINT('Origin',(135.,-50.,10.));
#2111=CARTESIAN_POINT('Origin',(135.,-50.,-8.5));
#2112=CARTESIAN_POINT('Origin',(87.5,-102.5,-8.5));
#2113=CARTESIAN_POINT('',(36.,-50.,-8.5));
#2114=CARTESIAN_POINT('',(40.,-46.,-8.5));
#2115=CARTESIAN_POINT('Origin',(40.,-50.,-8.5));
#2116=CARTESIAN_POINT('',(135.,-46.,-8.5));
#2117=CARTESIAN_POINT('',(40.,-46.,-8.5));
#2118=CARTESIAN_POINT('',(139.,-50.,-8.5));
#2119=CARTESIAN_POINT('Origin',(135.,-50.,-8.5));
#2120=CARTESIAN_POINT('',(139.,-155.,-8.5));
#2121=CARTESIAN_POINT('',(139.,-50.,-8.5));
#2122=CARTESIAN_POINT('',(135.,-159.,-8.5));
#2123=CARTESIAN_POINT('Origin',(135.,-155.,-8.5));
#2124=CARTESIAN_POINT('',(40.,-159.,-8.5));
#2125=CARTESIAN_POINT('',(135.,-159.,-8.5));
#2126=CARTESIAN_POINT('',(36.,-155.,-8.5));
#2127=CARTESIAN_POINT('Origin',(40.,-155.,-8.5));
#2128=CARTESIAN_POINT('',(36.,-155.,-8.5));
#2129=CARTESIAN_POINT('Origin',(87.5,-102.5,10.));
#2130=CARTESIAN_POINT('',(106.255598140667,-100.60450678196,10.));
#2131=CARTESIAN_POINT('',(106.255598140667,-63.9128013502784,10.));
#2132=CARTESIAN_POINT('',(106.255598140667,-83.2064006751392,10.));
#2133=CARTESIAN_POINT('',(66.6076889538257,-63.9128013502784,9.99999999999999));
#2134=CARTESIAN_POINT('',(77.0538444769128,-63.9128013502784,10.));
#2135=CARTESIAN_POINT('',(66.6076889538257,-100.60450678196,9.99999999999999));
#2136=CARTESIAN_POINT('',(66.6076889538257,-101.55225339098,10.));
#2137=CARTESIAN_POINT('',(96.8777990703333,-100.60450678196,10.));
#2138=CARTESIAN_POINT('',(70.0000010430813,-109.000001624227,10.));
#2139=CARTESIAN_POINT('Origin',(74.0000011026859,-109.000001624227,10.));
#2140=CARTESIAN_POINT('',(100.000001490116,-109.000001624227,10.));
#2141=CARTESIAN_POINT('Origin',(96.0000014305115,-109.000001624227,10.));
#2142=CARTESIAN_POINT('',(84.9734507819327,-131.594467719055,10.));
#2143=CARTESIAN_POINT('Origin',(85.9734507819327,-131.594467719055,10.));
#2144=CARTESIAN_POINT('',(83.0265517512647,-134.405536244654,10.));
#2145=CARTESIAN_POINT('Origin',(84.0265517512647,-134.405536244654,10.));
#2146=CARTESIAN_POINT('',(83.4340252191506,-129.179721199094,10.));
#2147=CARTESIAN_POINT('Origin',(84.4340252191506,-129.179721199094,10.));
#2148=CARTESIAN_POINT('',(87.4584079820495,-131.281195088705,10.));
#2149=CARTESIAN_POINT('Origin',(88.4584079820495,-131.281195088705,10.));
#2150=CARTESIAN_POINT('',(86.7033902111163,-135.758001684551,10.));
#2151=CARTESIAN_POINT('Origin',(87.7033902111163,-135.758001684551,10.));
#2152=CARTESIAN_POINT('',(82.2123808036705,-136.423346432232,10.));
#2153=CARTESIAN_POINT('Origin',(83.2123808036705,-136.423346432232,10.));
#2154=CARTESIAN_POINT('',(80.1918021170066,-132.35774550469,10.));
#2155=CARTESIAN_POINT('Origin',(81.1918021170066,-132.35774550469,10.));
#2156=CARTESIAN_POINT('',(88.435120870676,-128.381591506439,10.));
#2157=CARTESIAN_POINT('Origin',(89.435120870676,-128.381591506439,10.));
#2158=CARTESIAN_POINT('',(89.8649066658481,-130.430393863921,10.));
#2159=CARTESIAN_POINT('Origin',(90.8649066658481,-130.430393863921,10.));
#2160=CARTESIAN_POINT('',(89.9641029706085,-135.330129035498,10.));
#2161=CARTESIAN_POINT('Origin',(90.9641029706085,-135.330129035498,10.));
#2162=CARTESIAN_POINT('',(86.5696093845325,-138.864907381104,10.));
#2163=CARTESIAN_POINT('Origin',(87.5696093845325,-138.864907381104,10.));
#2164=CARTESIAN_POINT('',(81.6698742129549,-138.964103685864,10.));
#2165=CARTESIAN_POINT('Origin',(82.6698742129549,-138.964103685864,10.));
#2166=CARTESIAN_POINT('',(78.1350958673494,-135.569610099788,10.));
#2167=CARTESIAN_POINT('Origin',(79.1350958673494,-135.569610099788,10.));
#2168=CARTESIAN_POINT('',(78.0358995625889,-130.669874928211,10.));
#2169=CARTESIAN_POINT('Origin',(79.0358995625889,-130.669874928211,10.));
#2170=CARTESIAN_POINT('',(81.4303931486649,-127.135096582605,10.));
#2171=CARTESIAN_POINT('Origin',(82.4303931486649,-127.135096582605,10.));
#2172=CARTESIAN_POINT('',(83.8703950485461,-126.598189468969,10.));
#2173=CARTESIAN_POINT('Origin',(84.8703950485461,-126.598189468969,10.));
#2174=CARTESIAN_POINT('',(79.3815907911835,-128.564882377777,10.));
#2175=CARTESIAN_POINT('Origin',(80.3815907911835,-128.564882377777,10.));
#2176=CARTESIAN_POINT('',(77.5981887537132,-133.129608199907,10.));
#2177=CARTESIAN_POINT('Origin',(78.5981887537132,-133.129608199907,10.));
#2178=CARTESIAN_POINT('',(79.5648816625214,-137.61841245727,10.));
#2179=CARTESIAN_POINT('Origin',(80.5648816625214,-137.61841245727,10.));
#2180=CARTESIAN_POINT('',(84.1296074846513,-139.40181449474,10.));
#2181=CARTESIAN_POINT('Origin',(85.1296074846513,-139.40181449474,10.));
#2182=CARTESIAN_POINT('',(88.6184117420139,-137.435121585932,10.));
#2183=CARTESIAN_POINT('Origin',(89.6184117420138,-137.435121585932,10.));
#2184=CARTESIAN_POINT('',(90.4018137794842,-132.870395763802,10.));
#2185=CARTESIAN_POINT('Origin',(91.4018137794842,-132.870395763802,10.));
#2186=CARTESIAN_POINT('',(86.3301283202425,-127.035900277845,10.));
#2187=CARTESIAN_POINT('Origin',(87.3301283202425,-127.035900277845,10.));
#2188=CARTESIAN_POINT('',(81.2966123220811,-130.242002279158,10.));
#2189=CARTESIAN_POINT('Origin',(82.2966123220811,-130.242002279158,10.));
#2190=CARTESIAN_POINT('',(80.5415945511479,-134.718808875004,10.));
#2191=CARTESIAN_POINT('Origin',(81.5415945511479,-134.718808875004,10.));
#2192=CARTESIAN_POINT('',(84.5659773140468,-136.820282764615,10.));
#2193=CARTESIAN_POINT('Origin',(85.5659773140468,-136.820282764615,10.));
#2194=CARTESIAN_POINT('',(87.8082004161908,-133.642258459019,10.));
#2195=CARTESIAN_POINT('Origin',(88.8082004161908,-133.642258459019,10.));
#2196=CARTESIAN_POINT('',(85.7876217295269,-129.576657531476,10.));
#2197=CARTESIAN_POINT('Origin',(86.7876217295269,-129.576657531476,10.));
#2198=CARTESIAN_POINT('',(82.5944670037992,-132.02655246652,10.));
#2199=CARTESIAN_POINT('Origin',(83.5944670037992,-132.02655246652,10.));
#2200=CARTESIAN_POINT('',(85.4055355293983,-133.973451497188,10.));
#2201=CARTESIAN_POINT('Origin',(86.4055355293983,-133.973451497188,10.));
#2202=CARTESIAN_POINT('Origin',(135.,-50.,10.));
#2203=CARTESIAN_POINT('',(135.,-46.,12.));
#2204=CARTESIAN_POINT('',(139.,-50.,12.));
#2205=CARTESIAN_POINT('Origin',(135.,-50.,12.));
#2206=CARTESIAN_POINT('',(139.,-50.,10.));
#2207=CARTESIAN_POINT('',(135.,-46.,10.));
#2208=CARTESIAN_POINT('Origin',(135.,-46.,10.));
#2209=CARTESIAN_POINT('',(40.,-46.,12.));
#2210=CARTESIAN_POINT('',(40.,-46.,10.));
#2211=CARTESIAN_POINT('',(40.,-46.,12.));
#2212=CARTESIAN_POINT('Origin',(135.,-155.,10.));
#2213=CARTESIAN_POINT('',(139.,-155.,12.));
#2214=CARTESIAN_POINT('',(135.,-159.,12.));
#2215=CARTESIAN_POINT('Origin',(135.,-155.,12.));
#2216=CARTESIAN_POINT('',(135.,-159.,10.));
#2217=CARTESIAN_POINT('',(139.,-155.,10.));
#2218=CARTESIAN_POINT('Origin',(40.,-159.,10.));
#2219=CARTESIAN_POINT('',(40.,-159.,12.));
#2220=CARTESIAN_POINT('',(135.,-159.,12.));
#2221=CARTESIAN_POINT('',(40.,-159.,10.));
#2222=CARTESIAN_POINT('Origin',(139.,-155.,10.));
#2223=CARTESIAN_POINT('',(139.,-50.,12.));
#2224=CARTESIAN_POINT('Origin',(40.,-155.,10.));
#2225=CARTESIAN_POINT('',(36.,-155.,12.));
#2226=CARTESIAN_POINT('Origin',(40.,-155.,12.));
#2227=CARTESIAN_POINT('',(36.,-155.,10.));
#2228=CARTESIAN_POINT('Origin',(36.,-50.,10.));
#2229=CARTESIAN_POINT('',(36.,-50.,12.));
#2230=CARTESIAN_POINT('',(36.,-155.,12.));
#2231=CARTESIAN_POINT('',(36.,-50.,10.));
#2232=CARTESIAN_POINT('Origin',(40.,-50.,10.));
#2233=CARTESIAN_POINT('Origin',(40.,-50.,12.));
#2234=CARTESIAN_POINT('Origin',(87.5,-102.5,12.));
#2235=CARTESIAN_POINT('',(85.4055355293983,-133.973451497188,12.));
#2236=CARTESIAN_POINT('Origin',(86.4055355293983,-133.973451497188,12.));
#2237=CARTESIAN_POINT('',(82.5944670037992,-132.02655246652,12.));
#2238=CARTESIAN_POINT('Origin',(83.5944670037992,-132.02655246652,12.));
#2239=CARTESIAN_POINT('',(85.7876217295269,-129.576657531476,12.));
#2240=CARTESIAN_POINT('Origin',(86.7876217295269,-129.576657531476,12.));
#2241=CARTESIAN_POINT('',(87.8082004161908,-133.642258459019,12.));
#2242=CARTESIAN_POINT('Origin',(88.8082004161908,-133.642258459019,12.));
#2243=CARTESIAN_POINT('',(84.5659773140468,-136.820282764615,12.));
#2244=CARTESIAN_POINT('Origin',(85.5659773140468,-136.820282764615,12.));
#2245=CARTESIAN_POINT('',(80.5415945511479,-134.718808875004,12.));
#2246=CARTESIAN_POINT('Origin',(81.5415945511479,-134.718808875004,12.));
#2247=CARTESIAN_POINT('',(81.2966123220811,-130.242002279158,12.));
#2248=CARTESIAN_POINT('Origin',(82.2966123220811,-130.242002279158,12.));
#2249=CARTESIAN_POINT('',(86.3301283202425,-127.035900277845,12.));
#2250=CARTESIAN_POINT('Origin',(87.3301283202425,-127.035900277845,12.));
#2251=CARTESIAN_POINT('',(90.4018137794842,-132.870395763802,12.));
#2252=CARTESIAN_POINT('Origin',(91.4018137794842,-132.870395763802,12.));
#2253=CARTESIAN_POINT('',(88.6184117420139,-137.435121585932,12.));
#2254=CARTESIAN_POINT('Origin',(89.6184117420138,-137.435121585932,12.));
#2255=CARTESIAN_POINT('',(84.1296074846513,-139.40181449474,12.));
#2256=CARTESIAN_POINT('Origin',(85.1296074846513,-139.40181449474,12.));
#2257=CARTESIAN_POINT('',(79.5648816625214,-137.61841245727,12.));
#2258=CARTESIAN_POINT('Origin',(80.5648816625214,-137.61841245727,12.));
#2259=CARTESIAN_POINT('',(77.5981887537132,-133.129608199907,12.));
#2260=CARTESIAN_POINT('Origin',(78.5981887537132,-133.129608199907,12.));
#2261=CARTESIAN_POINT('',(79.3815907911835,-128.564882377777,12.));
#2262=CARTESIAN_POINT('Origin',(80.3815907911835,-128.564882377777,12.));
#2263=CARTESIAN_POINT('',(83.8703950485461,-126.598189468969,12.));
#2264=CARTESIAN_POINT('Origin',(84.8703950485461,-126.598189468969,12.));
#2265=CARTESIAN_POINT('',(81.4303931486649,-127.135096582605,12.));
#2266=CARTESIAN_POINT('Origin',(82.4303931486649,-127.135096582605,12.));
#2267=CARTESIAN_POINT('',(78.0358995625889,-130.669874928211,12.));
#2268=CARTESIAN_POINT('Origin',(79.0358995625889,-130.669874928211,12.));
#2269=CARTESIAN_POINT('',(78.1350958673494,-135.569610099788,12.));
#2270=CARTESIAN_POINT('Origin',(79.1350958673494,-135.569610099788,12.));
#2271=CARTESIAN_POINT('',(81.6698742129549,-138.964103685864,12.));
#2272=CARTESIAN_POINT('Origin',(82.6698742129549,-138.964103685864,12.));
#2273=CARTESIAN_POINT('',(86.5696093845325,-138.864907381104,12.));
#2274=CARTESIAN_POINT('Origin',(87.5696093845325,-138.864907381104,12.));
#2275=CARTESIAN_POINT('',(89.9641029706085,-135.330129035498,12.));
#2276=CARTESIAN_POINT('Origin',(90.9641029706085,-135.330129035498,12.));
#2277=CARTESIAN_POINT('',(89.8649066658481,-130.430393863921,12.));
#2278=CARTESIAN_POINT('Origin',(90.8649066658481,-130.430393863921,12.));
#2279=CARTESIAN_POINT('',(88.435120870676,-128.381591506439,12.));
#2280=CARTESIAN_POINT('Origin',(89.435120870676,-128.381591506439,12.));
#2281=CARTESIAN_POINT('',(80.1918021170066,-132.35774550469,12.));
#2282=CARTESIAN_POINT('Origin',(81.1918021170066,-132.35774550469,12.));
#2283=CARTESIAN_POINT('',(82.2123808036705,-136.423346432232,12.));
#2284=CARTESIAN_POINT('Origin',(83.2123808036705,-136.423346432232,12.));
#2285=CARTESIAN_POINT('',(86.7033902111163,-135.758001684551,12.));
#2286=CARTESIAN_POINT('Origin',(87.7033902111163,-135.758001684551,12.));
#2287=CARTESIAN_POINT('',(87.4584079820495,-131.281195088705,12.));
#2288=CARTESIAN_POINT('Origin',(88.4584079820495,-131.281195088705,12.));
#2289=CARTESIAN_POINT('',(83.4340252191506,-129.179721199094,12.));
#2290=CARTESIAN_POINT('Origin',(84.4340252191506,-129.179721199094,12.));
#2291=CARTESIAN_POINT('',(83.0265517512647,-134.405536244654,12.));
#2292=CARTESIAN_POINT('Origin',(84.0265517512647,-134.405536244654,12.));
#2293=CARTESIAN_POINT('',(84.9734507819327,-131.594467719055,12.));
#2294=CARTESIAN_POINT('Origin',(85.9734507819327,-131.594467719055,12.));
#2295=CARTESIAN_POINT('',(100.000001490116,-109.000001624227,12.));
#2296=CARTESIAN_POINT('Origin',(96.0000014305115,-109.000001624227,12.));
#2297=CARTESIAN_POINT('',(70.0000010430813,-109.000001624227,12.));
#2298=CARTESIAN_POINT('Origin',(74.0000011026859,-109.000001624227,12.));
#2299=CARTESIAN_POINT('',(106.255598140667,-63.9128013502784,12.));
#2300=CARTESIAN_POINT('',(106.255598140667,-100.60450678196,12.));
#2301=CARTESIAN_POINT('',(106.255598140667,-83.2064006751392,12.));
#2302=CARTESIAN_POINT('',(66.6076889538257,-100.60450678196,12.));
#2303=CARTESIAN_POINT('',(96.8777990703333,-100.60450678196,12.));
#2304=CARTESIAN_POINT('',(66.6076889538257,-63.9128013502784,12.));
#2305=CARTESIAN_POINT('',(66.6076889538257,-101.55225339098,12.));
#2306=CARTESIAN_POINT('',(77.0538444769128,-63.9128013502784,12.));
#2307=CARTESIAN_POINT('Origin',(86.4055355293983,-133.973451497188,12.));
#2308=CARTESIAN_POINT('',(85.4055355293983,-133.973451497188,12.));
#2309=CARTESIAN_POINT('Origin',(83.5944670037992,-132.02655246652,12.));
#2310=CARTESIAN_POINT('',(82.5944670037992,-132.02655246652,12.));
#2311=CARTESIAN_POINT('Origin',(86.7876217295269,-129.576657531476,12.));
#2312=CARTESIAN_POINT('',(85.7876217295269,-129.576657531476,12.));
#2313=CARTESIAN_POINT('Origin',(88.8082004161908,-133.642258459019,12.));
#2314=CARTESIAN_POINT('',(87.8082004161908,-133.642258459019,12.));
#2315=CARTESIAN_POINT('Origin',(85.5659773140468,-136.820282764615,12.));
#2316=CARTESIAN_POINT('',(84.5659773140468,-136.820282764615,12.));
#2317=CARTESIAN_POINT('Origin',(81.5415945511479,-134.718808875004,12.));
#2318=CARTESIAN_POINT('',(80.5415945511479,-134.718808875004,12.));
#2319=CARTESIAN_POINT('Origin',(82.2966123220811,-130.242002279158,12.));
#2320=CARTESIAN_POINT('',(81.2966123220811,-130.242002279158,12.));
#2321=CARTESIAN_POINT('Origin',(87.3301283202425,-127.035900277845,12.));
#2322=CARTESIAN_POINT('',(86.3301283202425,-127.035900277845,12.));
#2323=CARTESIAN_POINT('Origin',(91.4018137794842,-132.870395763802,12.));
#2324=CARTESIAN_POINT('',(90.4018137794842,-132.870395763802,12.));
#2325=CARTESIAN_POINT('Origin',(89.6184117420138,-137.435121585932,12.));
#2326=CARTESIAN_POINT('',(88.6184117420139,-137.435121585932,12.));
#2327=CARTESIAN_POINT('Origin',(85.1296074846513,-139.40181449474,12.));
#2328=CARTESIAN_POINT('',(84.1296074846513,-139.40181449474,12.));
#2329=CARTESIAN_POINT('Origin',(80.5648816625214,-137.61841245727,12.));
#2330=CARTESIAN_POINT('',(79.5648816625214,-137.61841245727,12.));
#2331=CARTESIAN_POINT('Origin',(78.5981887537132,-133.129608199907,12.));
#2332=CARTESIAN_POINT('',(77.5981887537132,-133.129608199907,12.));
#2333=CARTESIAN_POINT('Origin',(80.3815907911835,-128.564882377777,12.));
#2334=CARTESIAN_POINT('',(79.3815907911835,-128.564882377777,12.));
#2335=CARTESIAN_POINT('Origin',(84.8703950485461,-126.598189468969,12.));
#2336=CARTESIAN_POINT('',(83.8703950485461,-126.598189468969,12.));
#2337=CARTESIAN_POINT('Origin',(82.4303931486649,-127.135096582605,12.));
#2338=CARTESIAN_POINT('',(81.4303931486649,-127.135096582605,12.));
#2339=CARTESIAN_POINT('Origin',(79.0358995625889,-130.669874928211,12.));
#2340=CARTESIAN_POINT('',(78.0358995625889,-130.669874928211,12.));
#2341=CARTESIAN_POINT('Origin',(79.1350958673494,-135.569610099788,12.));
#2342=CARTESIAN_POINT('',(78.1350958673494,-135.569610099788,12.));
#2343=CARTESIAN_POINT('Origin',(82.6698742129549,-138.964103685864,12.));
#2344=CARTESIAN_POINT('',(81.6698742129549,-138.964103685864,12.));
#2345=CARTESIAN_POINT('Origin',(87.5696093845325,-138.864907381104,12.));
#2346=CARTESIAN_POINT('',(86.5696093845325,-138.864907381104,12.));
#2347=CARTESIAN_POINT('Origin',(90.9641029706085,-135.330129035498,12.));
#2348=CARTESIAN_POINT('',(89.9641029706085,-135.330129035498,12.));
#2349=CARTESIAN_POINT('Origin',(90.8649066658481,-130.430393863921,12.));
#2350=CARTESIAN_POINT('',(89.8649066658481,-130.430393863921,12.));
#2351=CARTESIAN_POINT('Origin',(89.435120870676,-128.381591506439,12.));
#2352=CARTESIAN_POINT('',(88.435120870676,-128.381591506439,12.));
#2353=CARTESIAN_POINT('Origin',(81.1918021170066,-132.35774550469,12.));
#2354=CARTESIAN_POINT('',(80.1918021170066,-132.35774550469,12.));
#2355=CARTESIAN_POINT('Origin',(83.2123808036705,-136.423346432232,12.));
#2356=CARTESIAN_POINT('',(82.2123808036705,-136.423346432232,12.));
#2357=CARTESIAN_POINT('Origin',(87.7033902111163,-135.758001684551,12.));
#2358=CARTESIAN_POINT('',(86.7033902111163,-135.758001684551,12.));
#2359=CARTESIAN_POINT('Origin',(88.4584079820495,-131.281195088705,12.));
#2360=CARTESIAN_POINT('',(87.4584079820495,-131.281195088705,12.));
#2361=CARTESIAN_POINT('Origin',(84.4340252191506,-129.179721199094,12.));
#2362=CARTESIAN_POINT('',(83.4340252191506,-129.179721199094,12.));
#2363=CARTESIAN_POINT('Origin',(84.0265517512647,-134.405536244654,12.));
#2364=CARTESIAN_POINT('',(83.0265517512647,-134.405536244654,12.));
#2365=CARTESIAN_POINT('Origin',(85.9734507819327,-131.594467719055,12.));
#2366=CARTESIAN_POINT('',(84.9734507819327,-131.594467719055,12.));
#2367=CARTESIAN_POINT('Origin',(96.0000014305115,-109.000001624227,12.));
#2368=CARTESIAN_POINT('',(100.000001490116,-109.000001624227,12.));
#2369=CARTESIAN_POINT('Origin',(74.0000011026859,-109.000001624227,12.));
#2370=CARTESIAN_POINT('',(70.0000010430813,-109.000001624227,12.));
#2371=CARTESIAN_POINT('Origin',(106.255598140667,-63.9128013502784,12.));
#2372=CARTESIAN_POINT('',(106.255598140667,-63.9128013502784,12.));
#2373=CARTESIAN_POINT('',(106.255598140667,-100.60450678196,12.));
#2374=CARTESIAN_POINT('Origin',(66.6076889538257,-63.9128013502784,12.));
#2375=CARTESIAN_POINT('',(66.6076889538257,-63.9128013502784,12.));
#2376=CARTESIAN_POINT('Origin',(66.6076889538257,-100.60450678196,12.));
#2377=CARTESIAN_POINT('',(66.6076889538257,-100.60450678196,12.));
#2378=CARTESIAN_POINT('Origin',(106.255598140667,-100.60450678196,12.));
#2379=UNCERTAINTY_MEASURE_WITH_UNIT(LENGTH_MEASURE(0.01),#2383,
'DISTANCE_ACCURACY_VALUE',
'Maximum model space distance between geometric entities at asserted c
onnectivities');
#2380=UNCERTAINTY_MEASURE_WITH_UNIT(LENGTH_MEASURE(0.01),#2383,
'DISTANCE_ACCURACY_VALUE',
'Maximum model space distance between geometric entities at asserted c
onnectivities');
#2381=(
GEOMETRIC_REPRESENTATION_CONTEXT(3)
GLOBAL_UNCERTAINTY_ASSIGNED_CONTEXT((#2379))
GLOBAL_UNIT_ASSIGNED_CONTEXT((#2383,#2385,#2386))
REPRESENTATION_CONTEXT('','3D')
);
#2382=(
GEOMETRIC_REPRESENTATION_CONTEXT(3)
GLOBAL_UNCERTAINTY_ASSIGNED_CONTEXT((#2380))
GLOBAL_UNIT_ASSIGNED_CONTEXT((#2383,#2385,#2386))
REPRESENTATION_CONTEXT('','3D')
);
#2383=(
LENGTH_UNIT()
NAMED_UNIT(*)
SI_UNIT(.MILLI.,.METRE.)
);
#2384=(
LENGTH_UNIT()
NAMED_UNIT(*)
SI_UNIT($,.METRE.)
);
#2385=(
NAMED_UNIT(*)
PLANE_ANGLE_UNIT()
SI_UNIT($,.RADIAN.)
);
#2386=(
NAMED_UNIT(*)
SI_UNIT($,.STERADIAN.)
SOLID_ANGLE_UNIT()
);
#2387=SHAPE_DEFINITION_REPRESENTATION(#2388,#2389);
#2388=PRODUCT_DEFINITION_SHAPE('',$,#2391);
#2389=SHAPE_REPRESENTATION('',(#1419),#2381);
#2390=PRODUCT_DEFINITION_CONTEXT('part definition',#2395,'design');
#2391=PRODUCT_DEFINITION('2026-08-14-20-43-38-123','TopCase',#2392,#2390);
#2392=PRODUCT_DEFINITION_FORMATION('',$,#2397);
#2393=PRODUCT_RELATED_PRODUCT_CATEGORY('TopCase','TopCase',(#2397));
#2394=APPLICATION_PROTOCOL_DEFINITION('international standard',
'automotive_design',2009,#2395);
#2395=APPLICATION_CONTEXT(
'Core Data for Automotive Mechanical Design Process');
#2396=PRODUCT_CONTEXT('part definition',#2395,'mechanical');
#2397=PRODUCT('2026-08-14-20-43-38-123','TopCase',$,(#2396));
#2398=PRESENTATION_STYLE_ASSIGNMENT((#2400));
#2399=PRESENTATION_STYLE_ASSIGNMENT((#2401));
#2400=SURFACE_STYLE_USAGE(.BOTH.,#2402);
#2401=SURFACE_STYLE_USAGE(.BOTH.,#2403);
#2402=SURFACE_SIDE_STYLE('',(#2404));
#2403=SURFACE_SIDE_STYLE('',(#2405));
#2404=SURFACE_STYLE_FILL_AREA(#2406);
#2405=SURFACE_STYLE_FILL_AREA(#2407);
#2406=FILL_AREA_STYLE('Steel - Satin',(#2408));
#2407=FILL_AREA_STYLE('Opaque(64,64,64)',(#2409));
#2408=FILL_AREA_STYLE_COLOUR('Steel - Satin',#2410);
#2409=FILL_AREA_STYLE_COLOUR('Opaque(64,64,64)',#2411);
#2410=COLOUR_RGB('Steel - Satin',0.627450980392157,0.627450980392157,0.627450980392157);
#2411=COLOUR_RGB('Opaque(64,64,64)',0.250980392156863,0.250980392156863,
0.250980392156863);
ENDSEC;
END-ISO-10303-21;
